,zip_code
15601.0,5020
20743.0,4542
15401.0,4218
20019.0,4053
12180.0,3978
12401.0,3964
20002.0,3885
15642.0,3691
17603.0,3622
15235.0,3473
15317.0,3393
20011.0,3271
15301.0,3126
20020.0,3077
20744.0,3000
20854.0,2965
20772.0,2936
15212.0,2883
15227.0,2751
20817.0,2727
19335.0,2684
15236.0,2634
20748.0,2614
22101.0,2591
15221.0,2441
20774.0,2439
20007.0,2416
20878.0,2389
20747.0,2385
15146.0,2354
13760.0,2326
12550.0,2282
15701.0,2269
15644.0,2262
19320.0,2262
22314.0,2238
20785.0,2228
22207.0,2224
19709.0,2219
19146.0,2201
19464.0,2199
12477.0,2189
22003.0,2167
20001.0,2138
11385.0,2137
1201.0,2098
21234.0,2089
11434.0,2071
21224.0,2060
19145.0,2048
19148.0,2043
15068.0,2027
20735.0,2025
15905.0,2025
15650.0,2013
13440.0,1994
19143.0,1992
22315.0,1990
21502.0,1986
20902.0,1983
17901.0,1964
15241.0,1931
19134.0,1929
17601.0,1914
21740.0,1909
15122.0,1892
20850.0,1892
6010.0,1890
15108.0,1880
15201.0,1879
12866.0,1875
20901.0,1874
20003.0,1872
15217.0,1867
15012.0,1853
14850.0,1849
15210.0,1842
15132.0,1831
17543.0,1827
19124.0,1827
15203.0,1807
15102.0,1771
17602.0,1765
13601.0,1757
7003.0,1743
12144.0,1742
19805.0,1741
20906.0,1730
12414.0,1717
2895.0,1716
21117.0,1712
12110.0,1711
19446.0,1702
20746.0,1689
22042.0,1683
21206.0,1673
12534.0,1669
22310.0,1656
17331.0,1655
22204.0,1652
15767.0,1643
20706.0,1641
11234.0,1635
7470.0,1634
22015.0,1620
15120.0,1616
15025.0,1606
20895.0,1598
21222.0,1586
20016.0,1586
15425.0,1585
11420.0,1566
15022.0,1564
19380.0,1557
7104.0,1550
21230.0,1544
22180.0,1542
20720.0,1536
11412.0,1534
26508.0,1532
15216.0,1527
15037.0,1523
18951.0,1501
19125.0,1494
12203.0,1488
20852.0,1486
19121.0,1486
11208.0,1473
19720.0,1471
20017.0,1469
16801.0,1466
19426.0,1465
20814.0,1460
12206.0,1456
7109.0,1454
20010.0,1452
20018.0,1447
19403.0,1443
15237.0,1432
7052.0,1430
15211.0,1422
19401.0,1418
22153.0,1417
21215.0,1415
8831.0,1412
6790.0,1410
12065.0,1406
6082.0,1399
8332.0,1396
15206.0,1392
7111.0,1387
21742.0,1380
15062.0,1378
15136.0,1373
10465.0,1364
22205.0,1363
20782.0,1356
20904.0,1346
6360.0,1344
19120.0,1343
13021.0,1342
7083.0,1327
10583.0,1326
12601.0,1319
19147.0,1317
20783.0,1308
12603.0,1303
20721.0,1303
15218.0,1300
12309.0,1298
20784.0,1296
20874.0,1295
8527.0,1294
20815.0,1294
21921.0,1292
21122.0,1292
16101.0,1291
19063.0,1288
11368.0,1287
20009.0,1285
15001.0,1281
21045.0,1281
19382.0,1271
20853.0,1271
11356.0,1267
2904.0,1266
22031.0,1257
16001.0,1256
20032.0,1256
12304.0,1255
22309.0,1255
15234.0,1255
19002.0,1246
19128.0,1245
21229.0,1236
13905.0,1236
7017.0,1234
15147.0,1231
22630.0,1231
21044.0,1228
19606.0,1227
21221.0,1222
21702.0,1217
12590.0,1216
11236.0,1212
19460.0,1198
7110.0,1198
11413.0,1197
21220.0,1197
17202.0,1196
15017.0,1195
21213.0,1195
21042.0,1194
2864.0,1192
11207.0,1191
12047.0,1184
7042.0,1182
20740.0,1179
12182.0,1177
15205.0,1175
20603.0,1173
11414.0,1173
19802.0,1173
10469.0,1170
21216.0,1169
19111.0,1168
7047.0,1166
20745.0,1157
15228.0,1157
19139.0,1157
11357.0,1157
12508.0,1156
7960.0,1152
12306.0,1144
11418.0,1144
21207.0,1142
18436.0,1141
20910.0,1141
12303.0,1139
19073.0,1136
17363.0,1136
12205.0,1131
15143.0,1124
18102.0,1124
19355.0,1120
19702.0,1108
11417.0,1107
20723.0,1105
15668.0,1104
13903.0,1098
11421.0,1093
10301.0,1091
15666.0,1090
2127.0,1089
21703.0,1087
7522.0,1086
22308.0,1083
15367.0,1083
21218.0,1082
7501.0,1081
20008.0,1077
17821.0,1077
22201.0,1077
12442.0,1076
21113.0,1075
20707.0,1074
19363.0,1067
20715.0,1065
12209.0,1064
22192.0,1064
10950.0,1061
13502.0,1056
16823.0,1055
16803.0,1054
11003.0,1054
22701.0,1052
2128.0,1050
15010.0,1048
21060.0,1047
13790.0,1040
22152.0,1037
8757.0,1037
22306.0,1035
12020.0,1033
13027.0,1030
13850.0,1029
20602.0,1025
14701.0,1024
7018.0,1023
21217.0,1021
7675.0,1018
18301.0,1018
21043.0,1016
15239.0,1016
21212.0,1015
22032.0,1014
8070.0,1011
8854.0,1008
22191.0,1006
20015.0,1005
18360.0,1004
15243.0,1003
13501.0,1000
19142.0,999
15683.0,999
19149.0,997
22182.0,996
20816.0,996
18466.0,994
26505.0,992
11432.0,992
11355.0,991
7055.0,991
19082.0,990
21228.0,990
12198.0,989
15063.0,989
11746.0,988
21136.0,987
10940.0,983
15044.0,982
19026.0,980
8816.0,980
21701.0,980
11435.0,979
6106.0,979
22304.0,979
15202.0,978
20646.0,977
11375.0,974
20724.0,973
19701.0,973
19131.0,972
21901.0,970
22079.0,967
11358.0,967
17042.0,967
12553.0,965
15658.0,964
19138.0,962
8234.0,962
15224.0,960
11433.0,958
11561.0,957
17268.0,955
11377.0,954
12019.0,951
10466.0,949
11572.0,948
21771.0,947
22043.0,945
17356.0,943
18428.0,943
2908.0,941
10314.0,941
8753.0,941
20871.0,940
19438.0,939
16201.0,937
21214.0,937
11378.0,936
8540.0,931
15106.0,931
11436.0,930
7050.0,930
16301.0,926
10567.0,925
16046.0,925
8226.0,924
21093.0,923
22305.0,923
12118.0,922
15419.0,922
11369.0,921
8330.0,919
11361.0,919
8902.0,918
7107.0,918
13820.0,915
19013.0,915
12077.0,913
6095.0,911
15220.0,909
15238.0,908
12189.0,907
11580.0,905
12054.0,904
13901.0,904
21037.0,903
18914.0,899
19132.0,898
15417.0,895
19468.0,895
19904.0,891
2649.0,891
14904.0,891
2860.0,890
11379.0,889
7106.0,885
22066.0,885
20650.0,884
12302.0,883
11757.0,883
7666.0,883
8701.0,882
15133.0,882
3431.0,880
16066.0,879
19977.0,877
14224.0,877
7105.0,876
2145.0,876
22193.0,870
8865.0,870
8759.0,866
21236.0,865
12561.0,865
10473.0,865
6066.0,865
15215.0,864
11203.0,860
20912.0,860
19140.0,859
21401.0,859
18324.0,858
11040.0,856
12496.0,854
22301.0,852
21613.0,851
926.0,851
8724.0,848
7011.0,848
19473.0,848
11001.0,847
12571.0,843
14901.0,843
15090.0,843
22046.0,843
19901.0,842
22030.0,842
2909.0,839
2893.0,839
20653.0,839
12211.0,838
11419.0,838
19038.0,837
19348.0,837
22302.0,836
21133.0,836
19808.0,834
5701.0,833
14845.0,833
11758.0,828
6040.0,828
20716.0,828
12015.0,828
15904.0,827
7652.0,827
14075.0,827
18944.0,826
11550.0,826
21078.0,826
20601.0,825
18901.0,823
7305.0,822
7013.0,822
18302.0,821
15226.0,821
6118.0,820
20705.0,818
22554.0,815
7731.0,814
12208.0,813
20613.0,812
11215.0,812
20737.0,812
11365.0,810
15207.0,810
22150.0,809
11221.0,808
17815.0,806
10305.0,805
11201.0,803
21237.0,802
2151.0,801
20886.0,797
6877.0,796
11373.0,796
2889.0,794
13104.0,793
21774.0,792
12202.0,790
18104.0,789
1420.0,786
19144.0,786
2116.0,784
21208.0,783
2118.0,782
15137.0,782
17403.0,782
6109.0,780
8873.0,779
11229.0,779
20708.0,779
12901.0,778
11520.0,777
10901.0,777
17201.0,777
10956.0,776
1247.0,774
12533.0,774
17050.0,773
8822.0,773
1040.0,771
6831.0,771
8046.0,770
7901.0,770
5641.0,769
2919.0,769
19151.0,768
17972.0,767
19711.0,767
15370.0,767
21015.0,766
2861.0,766
7407.0,766
10461.0,766
8094.0,765
21227.0,764
2301.0,763
20657.0,763
10960.0,762
12528.0,761
21704.0,760
7307.0,760
19604.0,759
10541.0,758
17402.0,756
8016.0,755
19454.0,753
6053.0,753
2920.0,751
22039.0,751
15613.0,750
16830.0,750
14830.0,749
13045.0,748
16866.0,746
20176.0,745
11050.0,745
11367.0,738
10512.0,737
20855.0,737
2155.0,737
8844.0,736
19018.0,735
15229.0,734
20905.0,733
7866.0,733
11426.0,733
15214.0,732
6457.0,732
19135.0,730
20148.0,729
11429.0,729
18015.0,729
21223.0,728
12010.0,727
6001.0,727
10701.0,725
20781.0,725
10306.0,723
2816.0,721
17404.0,720
19119.0,719
2125.0,719
44512.0,718
8015.0,718
10312.0,716
13619.0,714
7869.0,713
21076.0,712
7112.0,711
10708.0,710
19122.0,709
15461.0,709
20012.0,709
16323.0,708
11756.0,706
18210.0,705
7621.0,704
7728.0,703
11510.0,702
22443.0,702
1604.0,702
21009.0,701
13421.0,701
20171.0,701
12524.0,700
15057.0,699
7002.0,698
8069.0,698
26501.0,695
19083.0,694
20879.0,694
2131.0,693
19608.0,692
7626.0,691
7458.0,690
7024.0,690
8081.0,690
15332.0,688
4901.0,687
6708.0,687
21601.0,686
21225.0,684
2148.0,683
17044.0,683
21403.0,683
26003.0,682
13205.0,682
19130.0,681
6074.0,680
22407.0,680
18411.0,680
12061.0,678
8087.0,676
11422.0,675
15085.0,673
7631.0,672
16105.0,672
20832.0,671
1230.0,671
8302.0,671
17522.0,670
13662.0,670
18103.0,670
22312.0,669
8401.0,668
7843.0,668
2135.0,667
19141.0,666
15045.0,664
20147.0,663
7928.0,663
7450.0,663
7480.0,662
13815.0,661
6704.0,661
12033.0,661
12308.0,660
8360.0,659
11566.0,659
10552.0,659
10304.0,658
8610.0,658
19428.0,657
19023.0,657
11233.0,655
7410.0,654
1844.0,652
6002.0,651
21801.0,649
10562.0,649
15131.0,649
12210.0,648
18201.0,648
7103.0,648
17257.0,648
16146.0,647
6450.0,646
21001.0,646
7032.0,645
21075.0,645
15101.0,644
7026.0,642
13212.0,641
20876.0,641
11743.0,640
18969.0,640
6489.0,640
12051.0,640
18252.0,639
22203.0,638
16601.0,638
18073.0,637
7040.0,637
19123.0,636
22026.0,636
18504.0,635
22102.0,633
19087.0,632
12018.0,631
14052.0,631
11423.0,631
15065.0,630
19422.0,630
14206.0,628
13090.0,628
7601.0,628
6107.0,628
1562.0,628
22151.0,627
22181.0,627
6880.0,627
7090.0,626
7461.0,625
13088.0,624
20607.0,624
7920.0,622
10954.0,622
19803.0,622
15009.0,622
949.0,621
14127.0,621
18974.0,619
7039.0,619
6111.0,618
19440.0,618
21014.0,618
17013.0,617
22307.0,617
8361.0,617
19133.0,616
1890.0,616
19136.0,615
6033.0,615
6840.0,614
7036.0,614
20659.0,614
21146.0,613
7644.0,612
13208.0,612
10977.0,610
7059.0,609
21144.0,609
2186.0,609
2124.0,608
17872.0,608
17112.0,607
956.0,605
8210.0,604
6051.0,604
16214.0,603
15071.0,603
20877.0,602
11428.0,602
12170.0,601
12572.0,601
6451.0,599
17225.0,599
20722.0,598
7043.0,595
15104.0,595
7834.0,594
22303.0,594
1220.0,594
1085.0,594
15145.0,593
7506.0,592
6705.0,592
6108.0,592
21244.0,591
10462.0,591
16125.0,591
11212.0,590
17745.0,587
19050.0,586
15320.0,585
2911.0,584
21157.0,583
8807.0,583
10310.0,583
8755.0,582
10710.0,582
13323.0,581
7306.0,581
10598.0,581
4101.0,579
8060.0,578
21784.0,578
2169.0,578
11772.0,578
21046.0,577
11704.0,576
11210.0,576
7735.0,575
646.0,575
2536.0,573
19605.0,573
11211.0,573
22041.0,572
7087.0,572
15656.0,571
10980.0,571
14609.0,570
11530.0,569
15232.0,569
7502.0,569
15129.0,568
7456.0,568
11968.0,567
2818.0,567
1108.0,567
15690.0,567
18337.0,566
2026.0,566
7860.0,564
15906.0,564
7628.0,564
15632.0,563
14843.0,563
2886.0,563
20619.0,563
1301.0,563
14220.0,562
12413.0,562
13827.0,561
14225.0,561
11354.0,560
21061.0,559
6112.0,558
12831.0,558
22485.0,558
21205.0,558
17325.0,558
19152.0,558
5301.0,557
7405.0,556
18938.0,555
11590.0,554
11228.0,554
6070.0,554
7417.0,554
19027.0,553
17837.0,552
15445.0,552
19703.0,551
19518.0,551
7430.0,549
11214.0,549
2360.0,549
19943.0,549
2478.0,547
7508.0,547
17408.0,546
10579.0,546
11967.0,546
7670.0,546
10309.0,546
11581.0,544
7424.0,543
14760.0,543
15213.0,542
6042.0,542
14621.0,539
21211.0,539
7065.0,539
2891.0,539
10022.0,538
12701.0,538
18336.0,537
12801.0,535
11779.0,535
15626.0,535
22602.0,533
4401.0,533
11803.0,533
6776.0,533
14221.0,532
21030.0,532
7663.0,532
19525.0,531
11563.0,530
12498.0,530
21114.0,530
6226.0,530
11691.0,528
6903.0,528
14086.0,527
19934.0,527
21620.0,525
6029.0,525
15208.0,525
2806.0,524
11416.0,524
12186.0,523
18902.0,523
11364.0,523
8085.0,522
7514.0,521
11710.0,521
1720.0,520
7643.0,520
10703.0,520
8690.0,520
3246.0,520
19104.0,519
21629.0,519
17022.0,518
19064.0,518
7205.0,517
7070.0,517
18964.0,517
11727.0,517
20175.0,516
17046.0,516
7006.0,515
26062.0,515
11362.0,515
7108.0,514
13037.0,514
21286.0,513
1020.0,512
14215.0,512
15126.0,511
11366.0,511
8232.0,511
13206.0,511
1845.0,510
7840.0,510
19512.0,509
21804.0,507
19150.0,507
7060.0,507
11235.0,506
22124.0,506
6351.0,506
969.0,506
14903.0,506
8742.0,506
6238.0,505
7452.0,504
13066.0,503
1545.0,503
15963.0,503
8857.0,503
14424.0,502
7871.0,502
2130.0,502
15209.0,500
1776.0,500
14892.0,500
6078.0,500
2703.0,500
11411.0,499
11801.0,498
12804.0,495
2368.0,494
15116.0,493
1104.0,493
10308.0,493
8723.0,493
2910.0,492
19465.0,492
15139.0,491
8096.0,491
11729.0,491
7044.0,490
1810.0,489
21012.0,489
1742.0,488
13204.0,488
6897.0,487
953.0,487
7080.0,487
19713.0,486
44514.0,486
12589.0,485
17406.0,484
18960.0,483
11105.0,483
5156.0,483
8619.0,482
7421.0,482
13210.0,482
19312.0,482
1109.0,482
21666.0,482
15219.0,481
11103.0,481
8846.0,481
12883.0,481
20769.0,480
3079.0,480
19008.0,480
16335.0,479
6114.0,479
20903.0,479
7071.0,479
6795.0,478
10543.0,478
7076.0,478
6013.0,478
15204.0,478
12538.0,478
22520.0,477
10467.0,477
6716.0,477
1902.0,477
18202.0,477
6032.0,476
15423.0,476
3743.0,476
17921.0,476
2905.0,476
7436.0,476
20866.0,474
17551.0,474
2176.0,474
20169.0,473
7726.0,472
15801.0,472
11793.0,472
13209.0,471
2149.0,471
10990.0,471
7035.0,471
19601.0,471
13904.0,471
5149.0,470
10504.0,470
8817.0,469
6098.0,468
11720.0,468
7078.0,468
6410.0,468
20165.0,468
4330.0,468
20636.0,468
10510.0,468
16510.0,467
15033.0,467
11598.0,467
18603.0,466
19406.0,466
17954.0,466
1002.0,465
15089.0,465
1760.0,465
11791.0,465
8618.0,465
2474.0,464
19061.0,464
12083.0,464
11209.0,463
15140.0,463
2467.0,463
8520.0,463
7005.0,463
13032.0,462
10011.0,462
21231.0,462
1581.0,461
10303.0,461
10509.0,459
5201.0,459
21716.0,459
17931.0,458
19014.0,458
10930.0,457
13219.0,457
10987.0,457
6770.0,456
6339.0,456
11554.0,456
15084.0,456
17701.0,456
13031.0,455
7304.0,454
11360.0,454
10992.0,453
6117.0,453
11787.0,453
2136.0,453
16117.0,452
18407.0,452
19807.0,451
11370.0,451
8812.0,450
19804.0,450
7945.0,449
15501.0,449
8030.0,449
17520.0,447
20639.0,447
6096.0,447
7882.0,447
13126.0,447
11951.0,446
17036.0,445
7028.0,445
17055.0,444
21409.0,443
8104.0,443
6076.0,443
5819.0,443
7632.0,441
7203.0,441
16354.0,441
20882.0,441
2114.0,440
12828.0,440
17401.0,440
8088.0,439
19015.0,438
11570.0,438
10550.0,438
6084.0,438
7712.0,437
8879.0,437
17222.0,437
18840.0,437
12184.0,437
8055.0,437
7747.0,437
7481.0,436
16648.0,436
16127.0,435
17801.0,435
20194.0,434
20851.0,433
19522.0,432
19330.0,432
17866.0,432
14020.0,431
3833.0,430
17111.0,430
8638.0,430
2132.0,429
11552.0,429
22206.0,428
19425.0,428
6830.0,427
18036.0,427
15330.0,426
17847.0,425
12771.0,425
6019.0,425
2865.0,425
18966.0,425
8054.0,424
2879.0,423
8103.0,423
8215.0,422
19317.0,422
7093.0,422
10965.0,422
12790.0,422
15003.0,422
6812.0,421
20637.0,421
20695.0,420
16701.0,420
6424.0,420
19607.0,420
19966.0,420
22202.0,420
10538.0,420
2465.0,419
20191.0,418
7079.0,418
15314.0,418
7740.0,417
14611.0,417
15333.0,417
8861.0,417
6320.0,416
14094.0,416
1826.0,416
13035.0,416
15902.0,415
14613.0,414
7016.0,414
15233.0,414
7821.0,414
2906.0,414
13346.0,414
18508.0,413
18431.0,413
14207.0,413
2888.0,413
19962.0,412
10457.0,411
19342.0,411
10549.0,411
10028.0,410
11226.0,410
12754.0,410
6492.0,410
10516.0,410
18052.0,410
15714.0,410
17315.0,410
725.0,409
6239.0,409
8012.0,409
8205.0,409
15061.0,408
12526.0,407
8876.0,407
6062.0,407
11557.0,407
10566.0,406
17517.0,405
10024.0,405
7646.0,405
19809.0,405
19734.0,405
2134.0,404
13492.0,403
20112.0,403
15672.0,403
25404.0,402
1062.0,401
12566.0,401
2481.0,401
19810.0,400
22960.0,400
15005.0,400
13732.0,400
11747.0,399
966.0,399
20105.0,399
20110.0,397
8079.0,397
14210.0,396
2780.0,396
14048.0,396
2852.0,396
20616.0,395
11010.0,395
13753.0,395
25414.0,395
11102.0,395
7940.0,395
11963.0,394
22025.0,393
7008.0,393
8008.0,393
21050.0,393
6260.0,393
8835.0,393
8820.0,392
17844.0,392
25419.0,391
12832.0,391
2740.0,390
2152.0,389
11220.0,389
959.0,389
8053.0,388
19006.0,388
8611.0,386
21047.0,386
6385.0,386
11218.0,386
2119.0,386
7031.0,386
7753.0,386
1501.0,386
6355.0,385
15135.0,385
5735.0,385
14905.0,385
17540.0,385
17110.0,384
8901.0,384
18848.0,383
19801.0,383
17545.0,383
1570.0,383
8075.0,382
17961.0,382
7627.0,382
8110.0,382
7930.0,381
14534.0,380
6883.0,380
7503.0,380
11030.0,379
1089.0,379
7208.0,379
15112.0,379
1013.0,379
1821.0,379
6037.0,378
6473.0,378
19046.0,377
8840.0,377
6119.0,377
15931.0,377
18940.0,376
8098.0,375
2139.0,375
12542.0,375
15066.0,375
20164.0,374
10968.0,374
11701.0,374
10471.0,374
11946.0,374
11763.0,374
21532.0,374
17552.0,373
1033.0,372
10459.0,372
2493.0,372
14218.0,372
16686.0,372
6281.0,371
14227.0,371
2896.0,371
8050.0,370
21085.0,370
8805.0,369
12586.0,369
13215.0,369
10801.0,368
10002.0,368
6514.0,368
16148.0,368
6811.0,368
1803.0,367
20132.0,367
16602.0,367
14564.0,366
3104.0,366
6516.0,366
1880.0,366
11784.0,365
20794.0,365
7524.0,365
12518.0,365
11776.0,365
1056.0,364
19352.0,364
1453.0,364
11216.0,363
2540.0,363
10804.0,362
7010.0,362
21919.0,362
12491.0,362
12758.0,361
18657.0,361
10989.0,361
11735.0,361
6820.0,361
7419.0,361
1886.0,360
12158.0,360
21239.0,360
1701.0,359
12953.0,359
13207.0,359
11021.0,359
7657.0,359
19127.0,359
12446.0,358
10589.0,358
10573.0,358
7885.0,358
20111.0,358
7624.0,357
11937.0,357
14226.0,357
8021.0,357
20770.0,357
15024.0,357
12043.0,356
1602.0,356
1603.0,356
10533.0,356
8028.0,356
14213.0,355
43920.0,355
14895.0,355
14217.0,355
12159.0,354
11725.0,354
14211.0,354
10704.0,354
2446.0,354
6437.0,354
8691.0,353
22033.0,353
1610.0,353
14626.0,353
6606.0,352
8530.0,352
12428.0,352
8109.0,352
10918.0,352
12143.0,352
18847.0,351
17015.0,351
21090.0,350
19390.0,350
8204.0,350
18013.0,349
19602.0,349
10952.0,349
7656.0,349
19137.0,348
1075.0,348
21040.0,348
17103.0,347
11223.0,346
18067.0,346
15774.0,346
5363.0,345
11768.0,345
21054.0,345
19806.0,345
17976.0,345
15717.0,345
4103.0,344
12569.0,343
13326.0,343
2459.0,343
19010.0,343
17870.0,342
13203.0,342
6706.0,342
19526.0,341
2907.0,341
2056.0,341
10705.0,341
7302.0,341
19036.0,340
14606.0,340
19040.0,340
13078.0,340
8550.0,339
2420.0,339
44515.0,339
14120.0,339
12549.0,339
12090.0,339
2453.0,338
13413.0,338
18235.0,338
7620.0,338
976.0,337
11106.0,336
18702.0,336
1027.0,336
14004.0,336
2809.0,335
8402.0,335
17320.0,335
8062.0,335
21769.0,334
7642.0,334
18049.0,334
6405.0,334
21811.0,333
1752.0,333
12204.0,332
12845.0,332
8107.0,332
14043.0,332
20712.0,331
11702.0,331
14450.0,331
6902.0,330
6234.0,330
3038.0,330
8037.0,329
17362.0,329
21108.0,329
6415.0,329
1906.0,328
1606.0,328
7974.0,328
8080.0,328
19311.0,328
2302.0,328
12307.0,327
19154.0,327
14063.0,327
17327.0,327
16353.0,326
4530.0,326
6710.0,326
15110.0,326
16025.0,325
7801.0,325
1007.0,324
14006.0,324
11374.0,324
7950.0,324
10302.0,324
20764.0,323
8824.0,323
18017.0,323
692.0,323
19001.0,323
8872.0,323
17566.0,323
15438.0,323
19086.0,323
5091.0,322
19505.0,322
12451.0,322
13224.0,322
21541.0,322
1740.0,322
19114.0,321
15144.0,321
19610.0,321
10591.0,321
22408.0,320
7603.0,320
12803.0,320
7922.0,320
11427.0,320
19096.0,320
12983.0,320
18018.0,319
12816.0,319
11780.0,319
3087.0,319
1824.0,317
19938.0,317
11230.0,316
14810.0,316
16506.0,316
8318.0,316
22405.0,316
20141.0,316
7512.0,316
2632.0,316
612.0,316
18426.0,315
15474.0,315
19462.0,315
11717.0,315
10570.0,315
16002.0,314
12513.0,314
7660.0,314
11518.0,314
21158.0,314
22968.0,314
18062.0,313
2871.0,313
18058.0,313
11798.0,313
18509.0,313
7045.0,313
15480.0,312
11795.0,312
1852.0,312
2882.0,312
18328.0,312
6416.0,312
7755.0,312
17851.0,312
7401.0,312
20634.0,311
18435.0,311
8033.0,311
8322.0,311
15342.0,310
11706.0,310
20640.0,310
7067.0,309
25425.0,309
6443.0,309
20732.0,309
7748.0,309
8005.0,308
5143.0,308
7094.0,308
6374.0,308
1462.0,307
11783.0,307
2914.0,306
10927.0,306
2138.0,306
12839.0,306
6340.0,305
20187.0,305
2601.0,305
8558.0,305
7081.0,305
13039.0,305
10530.0,304
22508.0,304
20170.0,304
4240.0,304
20872.0,304
6513.0,303
8830.0,303
22044.0,303
1550.0,303
17512.0,303
1331.0,303
2664.0,302
13612.0,302
1749.0,302
10463.0,302
5851.0,302
8027.0,301
18976.0,301
22473.0,301
12009.0,301
7924.0,300
3103.0,300
18334.0,299
18326.0,299
10280.0,298
17078.0,298
12946.0,297
21209.0,297
3076.0,296
19003.0,296
7442.0,296
14608.0,296
1950.0,296
11714.0,296
693.0,296
13460.0,296
11942.0,296
11901.0,296
12485.0,295
17361.0,295
11738.0,295
11692.0,295
6460.0,295
6810.0,295
6905.0,295
7073.0,295
12423.0,295
2038.0,295
7054.0,294
15857.0,294
12764.0,294
8884.0,293
44511.0,293
1801.0,293
7095.0,293
6120.0,293
8534.0,293
14150.0,293
10603.0,293
7701.0,292
2115.0,292
19301.0,292
3857.0,291
21032.0,291
11225.0,291
2421.0,291
11731.0,291
7069.0,291
5661.0,291
11961.0,291
15728.0,290
16870.0,290
15479.0,290
21128.0,289
19707.0,288
7650.0,288
5001.0,288
13669.0,288
17011.0,288
19958.0,288
6786.0,288
11501.0,288
18353.0,288
15478.0,287
15697.0,287
13152.0,286
18330.0,286
7874.0,286
2760.0,286
19090.0,285
10523.0,285
7853.0,285
7114.0,285
12188.0,285
7751.0,284
8108.0,284
10805.0,284
18424.0,284
7422.0,284
20833.0,284
17224.0,284
2885.0,284
8251.0,283
10524.0,283
19963.0,283
18610.0,283
8904.0,283
2111.0,283
1028.0,283
1970.0,283
20678.0,282
1778.0,282
11694.0,282
12580.0,281
6511.0,281
1605.0,281
10580.0,281
2532.0,280
7202.0,280
2090.0,280
22311.0,280
1077.0,280
19508.0,280
3766.0,280
18505.0,279
19126.0,279
3801.0,279
7009.0,279
11372.0,278
44505.0,278
11741.0,278
11575.0,278
25427.0,278
15909.0,278
680.0,278
22642.0,278
2476.0,278
7607.0,278
21029.0,277
19115.0,277
1440.0,277
19072.0,277
19973.0,277
7849.0,277
22973.0,276
12125.0,276
44004.0,276
2045.0,276
5403.0,275
17948.0,275
20120.0,275
2445.0,275
16651.0,275
11231.0,275
16504.0,275
2563.0,275
44406.0,274
820.0,274
16508.0,274
2653.0,274
8648.0,274
17557.0,273
6237.0,273
44502.0,273
12106.0,273
10924.0,273
6517.0,272
6016.0,272
2472.0,271
3110.0,271
6052.0,271
14886.0,271
11733.0,270
21795.0,270
18347.0,270
6333.0,270
17104.0,270
1082.0,270
13783.0,270
19153.0,270
8093.0,269
7647.0,269
17236.0,269
17820.0,268
10075.0,268
4736.0,268
7746.0,268
8057.0,268
6071.0,268
1095.0,267
7438.0,267
10607.0,267
10307.0,267
15926.0,267
15748.0,267
957.0,267
1571.0,266
8244.0,266
3051.0,266
8003.0,266
8751.0,266
2878.0,266
19106.0,265
1730.0,265
6512.0,265
2143.0,265
8022.0,265
17033.0,265
8850.0,265
7075.0,265
10014.0,265
10065.0,265
11545.0,265
17857.0,265
2144.0,264
22556.0,264
12487.0,264
10923.0,264
44030.0,264
12834.0,264
8863.0,263
17922.0,263
16509.0,263
11213.0,263
16226.0,263
19530.0,263
13754.0,262
6614.0,262
20759.0,262
1030.0,262
1832.0,262
19560.0,261
19060.0,261
7206.0,261
8736.0,261
1867.0,261
2346.0,261
3055.0,261
2184.0,260
7029.0,260
16365.0,260
6331.0,260
3031.0,259
18421.0,259
10605.0,259
7677.0,259
17057.0,259
16050.0,259
18020.0,258
14569.0,258
7719.0,258
15021.0,258
12461.0,258
2915.0,257
7012.0,257
21617.0,257
15610.0,257
12078.0,257
2769.0,257
15946.0,257
2072.0,256
16229.0,256
5672.0,256
15074.0,256
44471.0,256
8260.0,256
44425.0,255
11703.0,255
19952.0,255
2468.0,255
16502.0,255
6382.0,254
19044.0,254
7201.0,254
2466.0,254
2857.0,254
14619.0,254
16102.0,253
1830.0,253
6354.0,253
20155.0,253
7504.0,253
8882.0,253
6371.0,252
2840.0,252
13041.0,252
7734.0,252
10916.0,252
22551.0,252
10528.0,251
8731.0,251
6026.0,251
6824.0,251
7444.0,251
2021.0,251
21131.0,250
12407.0,250
14047.0,250
14731.0,250
7462.0,250
21911.0,249
15537.0,249
6851.0,249
17965.0,249
11722.0,249
18350.0,249
4963.0,248
19341.0,248
8043.0,248
15636.0,248
12123.0,247
7513.0,247
2062.0,247
15473.0,247
10537.0,246
15825.0,246
19033.0,246
20622.0,246
11950.0,246
2067.0,246
11101.0,245
17025.0,245
1119.0,245
12583.0,245
11577.0,245
14580.0,244
11576.0,244
18512.0,244
15014.0,244
7057.0,243
1841.0,243
7604.0,243
2494.0,243
10514.0,242
19350.0,242
10941.0,242
12173.0,242
12095.0,242
20152.0,242
2121.0,241
1960.0,240
1106.0,240
16055.0,239
18222.0,239
7662.0,239
11363.0,239
18109.0,239
739.0,239
13642.0,239
19067.0,238
2150.0,238
20710.0,238
11024.0,238
11766.0,238
7463.0,238
17584.0,238
3062.0,238
11767.0,237
2673.0,237
11217.0,237
3820.0,237
2859.0,236
6712.0,236
11004.0,236
15223.0,236
18014.0,236
6798.0,236
16438.0,236
3753.0,236
22406.0,236
19079.0,236
2921.0,236
16933.0,236
21204.0,235
10594.0,235
8004.0,235
22213.0,235
10128.0,234
14009.0,234
7086.0,234
18403.0,234
11023.0,234
14223.0,234
6085.0,234
16407.0,234
1907.0,233
16828.0,233
10460.0,233
1475.0,232
19609.0,232
19116.0,232
21048.0,232
2771.0,232
11222.0,231
17313.0,231
12775.0,231
1035.0,231
13340.0,231
10456.0,230
5751.0,230
11726.0,230
12443.0,230
20818.0,230
14208.0,230
15676.0,230
3842.0,230
2817.0,230
8106.0,229
1702.0,229
7446.0,229
13317.0,229
14031.0,229
13069.0,228
6357.0,228
19129.0,228
17981.0,228
2035.0,228
15042.0,228
14301.0,227
12167.0,227
21638.0,227
6447.0,227
21084.0,227
14779.0,226
3755.0,226
16059.0,226
18042.0,226
10522.0,225
15943.0,225
18704.0,225
13676.0,225
21163.0,224
13309.0,224
25411.0,224
2633.0,224
11542.0,223
12404.0,223
13057.0,223
1237.0,223
18055.0,223
2129.0,222
16666.0,222
8859.0,222
6268.0,222
12197.0,222
19405.0,222
729.0,222
4074.0,221
16640.0,221
2917.0,221
17547.0,221
1775.0,221
14882.0,221
10033.0,221
12075.0,220
1938.0,220
14216.0,220
26070.0,220
2813.0,220
10707.0,220
6518.0,220
21226.0,219
5733.0,219
4005.0,219
1118.0,219
7063.0,218
10604.0,218
2461.0,218
6035.0,218
4072.0,218
5743.0,218
20861.0,217
3570.0,217
12037.0,217
8505.0,217
26554.0,217
6850.0,216
6759.0,216
20121.0,216
16652.0,215
11778.0,215
10595.0,215
17067.0,215
12814.0,215
7661.0,214
4457.0,214
21793.0,214
7630.0,214
6488.0,213
2492.0,213
14305.0,213
19539.0,213
8629.0,213
4090.0,213
2043.0,213
5356.0,212
10458.0,212
21550.0,212
17314.0,212
10925.0,212
1432.0,212
2571.0,212
18088.0,212
14219.0,212
6067.0,212
6330.0,212
13339.0,211
12778.0,211
20136.0,211
12305.0,211
17322.0,211
8852.0,211
12481.0,211
8031.0,211
12540.0,210
17777.0,210
14530.0,210
3451.0,210
12870.0,210
15458.0,209
19118.0,209
6854.0,209
8066.0,209
17360.0,209
20124.0,209
12721.0,209
4011.0,208
19025.0,208
8735.0,208
7062.0,208
7836.0,208
6401.0,208
6779.0,208
12885.0,208
11754.0,208
43952.0,207
19078.0,207
14059.0,207
13856.0,207
11764.0,207
7041.0,207
1952.0,206
8221.0,206
3253.0,206
7931.0,206
10920.0,206
19344.0,206
8203.0,206
16063.0,206
3816.0,206
11976.0,206
7001.0,206
21713.0,206
3867.0,205
18224.0,205
5401.0,205
17578.0,205
4064.0,205
15324.0,204
18041.0,204
1151.0,204
5739.0,204
18801.0,204
13211.0,204
6057.0,204
17063.0,204
3848.0,204
1364.0,204
8406.0,204
17579.0,203
13148.0,203
19475.0,203
11762.0,203
17970.0,203
11953.0,203
18433.0,203
1757.0,203
2719.0,203
8502.0,203
19533.0,203
13357.0,203
921.0,203
11777.0,203
3071.0,202
19444.0,202
1520.0,202
7082.0,202
12444.0,202
6370.0,202
11020.0,202
2648.0,202
13409.0,202
7733.0,202
44420.0,202
8889.0,202
6063.0,202
7724.0,201
4345.0,201
3244.0,201
7204.0,201
1001.0,200
4862.0,200
14141.0,200
3106.0,200
6756.0,200
6249.0,200
2110.0,200
14870.0,200
6762.0,199
14871.0,199
10532.0,199
17233.0,199
18229.0,199
4210.0,199
14414.0,199
17113.0,199
12789.0,199
7936.0,199
20685.0,198
2720.0,198
16121.0,198
22539.0,198
12455.0,198
1915.0,197
25403.0,197
13730.0,197
6484.0,197
10470.0,197
13778.0,197
7605.0,196
3102.0,196
14623.0,196
18332.0,196
12887.0,196
7876.0,195
12776.0,195
15222.0,195
15531.0,195
11790.0,195
22601.0,195
16630.0,195
7730.0,195
1754.0,194
1005.0,194
8068.0,194
11553.0,194
26726.0,193
1609.0,193
13849.0,193
3060.0,193
7092.0,193
1887.0,193
25405.0,193
11771.0,193
1772.0,193
8009.0,193
3773.0,193
8721.0,192
7066.0,192
22655.0,192
1904.0,192
11782.0,192
6807.0,192
2081.0,192
21104.0,192
4055.0,192
2324.0,191
14070.0,191
21202.0,191
20736.0,191
15522.0,191
14487.0,190
6379.0,190
6250.0,190
18612.0,190
15675.0,190
731.0,190
18510.0,190
6479.0,190
18414.0,189
8048.0,189
11558.0,189
1524.0,189
14212.0,189
16033.0,189
8551.0,189
16057.0,189
16947.0,188
14456.0,188
8837.0,188
8071.0,188
10468.0,188
18054.0,188
14228.0,188
10472.0,188
21013.0,188
7033.0,188
20837.0,187
7004.0,187
1060.0,187
4347.0,187
1223.0,187
10520.0,187
20841.0,187
13367.0,187
1253.0,187
17340.0,187
21788.0,186
15323.0,186
16858.0,186
8609.0,186
5495.0,186
8002.0,186
21210.0,186
18040.0,186
19567.0,186
1468.0,186
12470.0,186
17814.0,185
10464.0,185
14001.0,185
19565.0,185
21120.0,185
21219.0,185
19543.0,184
1835.0,184
8833.0,184
1876.0,184
14615.0,184
5602.0,184
1590.0,184
17003.0,184
8512.0,183
985.0,183
8105.0,183
14051.0,183
7423.0,183
6092.0,183
7046.0,183
18372.0,183
2642.0,183
18419.0,183
4937.0,183
1235.0,183
7932.0,182
10984.0,182
15622.0,182
19081.0,182
22027.0,182
14891.0,182
12466.0,182
12149.0,182
15681.0,182
3603.0,182
43964.0,182
16901.0,181
2828.0,181
12525.0,181
17963.0,181
12431.0,181
11104.0,181
20754.0,181
8201.0,181
16950.0,181
25443.0,180
18080.0,180
21619.0,180
18074.0,180
907.0,180
21770.0,180
11693.0,180
7403.0,180
17959.0,180
21035.0,180
791.0,180
12472.0,180
11978.0,180
20190.0,179
12516.0,179
21074.0,179
8880.0,179
16441.0,178
18707.0,178
8225.0,178
21903.0,178
14605.0,178
2814.0,178
10970.0,178
3249.0,178
6804.0,178
8077.0,178
16242.0,178
7722.0,177
12564.0,177
15772.0,177
19020.0,177
21904.0,177
8270.0,177
11949.0,177
21152.0,177
5101.0,176
12122.0,176
14624.0,176
18034.0,176
2537.0,175
14011.0,175
18925.0,175
7852.0,175
19540.0,175
8051.0,175
6480.0,174
13425.0,174
3909.0,174
7981.0,174
1879.0,174
3222.0,174
5478.0,174
7803.0,174
15468.0,174
14080.0,174
16511.0,174
21797.0,173
12440.0,173
8059.0,173
7648.0,173
19310.0,173
19070.0,173
12076.0,173
17751.0,173
6418.0,172
5059.0,172
18344.0,172
7645.0,172
21817.0,172
19956.0,172
11565.0,172
12053.0,172
11507.0,172
10003.0,172
11971.0,171
10511.0,171
13077.0,171
6060.0,171
3608.0,171
2171.0,171
12463.0,170
7022.0,170
18624.0,170
4254.0,170
6105.0,170
15436.0,170
2122.0,169
11238.0,169
8052.0,169
5764.0,169
1721.0,169
18045.0,169
13214.0,169
12196.0,169
19947.0,168
6784.0,168
924.0,168
1585.0,168
10017.0,168
2460.0,168
12827.0,168
18518.0,167
22911.0,167
20180.0,167
1862.0,167
10536.0,167
2126.0,167
7640.0,167
12148.0,167
16137.0,167
7676.0,167
10025.0,167
20714.0,167
6384.0,167
14072.0,167
8202.0,167
2482.0,167
14425.0,167
15338.0,166
16505.0,166
19933.0,166
14437.0,166
16735.0,166
14883.0,166
4609.0,166
11952.0,166
22401.0,166
18444.0,165
8620.0,165
8810.0,165
1949.0,165
7830.0,165
12484.0,165
6359.0,165
5250.0,164
21660.0,164
8344.0,164
685.0,164
6605.0,164
10803.0,164
11224.0,164
7457.0,164
10601.0,164
10547.0,164
2554.0,163
2655.0,163
7760.0,163
15357.0,163
21663.0,163
6335.0,163
15639.0,163
6611.0,163
17756.0,163
1969.0,163
17109.0,163
1851.0,163
15428.0,163
12974.0,163
14304.0,163
11204.0,163
18078.0,163
14145.0,162
1240.0,162
10023.0,162
12468.0,162
15148.0,162
12474.0,162
8034.0,162
7030.0,162
19951.0,162
20151.0,162
20711.0,162
2832.0,162
3301.0,161
12720.0,161
3109.0,161
13439.0,161
19053.0,161
20186.0,161
44405.0,161
1913.0,161
2019.0,161
4276.0,161
4364.0,161
6525.0,161
20777.0,161
17538.0,161
12944.0,160
12809.0,160
674.0,160
20664.0,160
16254.0,160
6110.0,160
4062.0,160
15851.0,160
1905.0,160
21750.0,159
21830.0,159
8067.0,159
16915.0,159
7828.0,159
13350.0,159
15486.0,159
11713.0,159
5255.0,159
15834.0,159
1473.0,159
21673.0,158
13165.0,158
15083.0,158
12409.0,158
2451.0,158
15724.0,158
4578.0,158
920.0,157
16415.0,157
14737.0,157
7826.0,157
19034.0,157
1267.0,157
10040.0,156
7014.0,156
1607.0,156
2025.0,156
983.0,156
17842.0,156
12763.0,156
7946.0,156
6278.0,155
14201.0,155
3462.0,155
3077.0,155
6378.0,155
6787.0,155
14586.0,155
4444.0,155
3748.0,155
6615.0,155
21154.0,155
2777.0,154
5753.0,154
8090.0,154
736.0,154
10021.0,154
21853.0,154
20733.0,154
20109.0,154
6423.0,154
6441.0,154
19085.0,154
18405.0,154
20024.0,153
15759.0,153
19504.0,153
19004.0,153
6610.0,153
12547.0,153
12183.0,153
14057.0,152
17834.0,152
1945.0,152
6277.0,152
1864.0,152
14712.0,152
13478.0,152
10013.0,152
16056.0,152
8829.0,152
3894.0,152
6475.0,152
979.0,152
19950.0,152
21017.0,151
1507.0,151
19706.0,151
7825.0,151
17032.0,151
8035.0,151
21783.0,151
20860.0,151
784.0,150
3785.0,150
14527.0,150
18071.0,150
3470.0,150
13743.0,150
11788.0,150
25401.0,150
10010.0,150
7762.0,150
14214.0,150
26041.0,150
22664.0,149
1746.0,149
21842.0,149
2657.0,149
26060.0,149
7034.0,149
3225.0,149
15322.0,149
15631.0,149
7432.0,149
19510.0,149
6470.0,149
1923.0,149
26047.0,149
14840.0,149
777.0,148
14209.0,148
4976.0,148
4412.0,148
3086.0,148
21773.0,148
18458.0,148
17509.0,148
44408.0,148
745.0,148
2113.0,148
14719.0,148
44446.0,148
11742.0,148
16316.0,148
2842.0,148
4416.0,147
3235.0,147
18346.0,147
3234.0,147
6907.0,147
3053.0,147
14510.0,147
1073.0,146
12928.0,146
15665.0,146
16827.0,146
13108.0,146
13865.0,146
8349.0,146
2452.0,145
14222.0,145
5060.0,145
4073.0,145
13308.0,145
5261.0,145
4358.0,145
14543.0,145
927.0,145
17366.0,145
16346.0,144
19074.0,144
6413.0,144
17370.0,144
4009.0,144
2375.0,144
2109.0,144
14514.0,144
3809.0,144
18517.0,143
21658.0,143
2903.0,143
17980.0,143
14085.0,143
3784.0,143
2341.0,143
20675.0,143
17560.0,142
10709.0,142
2180.0,142
15431.0,142
3818.0,142
21755.0,142
7058.0,142
7465.0,142
20623.0,142
2739.0,142
2767.0,142
10553.0,141
13159.0,141
14572.0,141
11568.0,141
12124.0,141
2863.0,141
783.0,141
17527.0,141
44509.0,141
16635.0,141
5089.0,141
14111.0,141
17501.0,141
16841.0,140
19506.0,140
13617.0,140
18447.0,140
1921.0,140
8886.0,140
12056.0,140
3275.0,140
17252.0,140
12570.0,140
11755.0,140
13480.0,140
13637.0,139
19032.0,139
17301.0,139
14727.0,139
8223.0,139
14454.0,139
19975.0,139
19547.0,139
1069.0,139
730.0,139
18810.0,139
7863.0,139
21875.0,138
1225.0,138
1854.0,138
3849.0,138
11596.0,138
26753.0,138
19047.0,138
10577.0,138
2916.0,138
44436.0,138
10027.0,138
18635.0,138
18415.0,138
18640.0,138
17051.0,138
11219.0,138
8312.0,138
11933.0,138
18947.0,138
16912.0,137
21754.0,137
12871.0,137
15629.0,137
18064.0,137
4468.0,137
5491.0,136
16749.0,136
5777.0,136
5860.0,136
641.0,136
11944.0,136
6468.0,136
1564.0,136
21111.0,135
22209.0,135
2141.0,135
14103.0,135
13811.0,135
11753.0,135
2108.0,135
4915.0,135
11559.0,134
11206.0,134
14136.0,134
11415.0,134
4281.0,134
3264.0,134
2874.0,134
3741.0,134
16259.0,134
15944.0,134
12582.0,134
10507.0,134
8036.0,134
10019.0,134
3280.0,133
3054.0,133
5340.0,133
16833.0,133
14526.0,133
19103.0,133
10031.0,133
14423.0,133
10007.0,133
3461.0,133
21632.0,133
10560.0,132
4294.0,132
7827.0,132
6483.0,132
21787.0,132
2356.0,132
14610.0,132
16881.0,132
16159.0,132
19012.0,132
17350.0,132
15541.0,132
3215.0,132
7440.0,132
12430.0,132
8559.0,132
7072.0,132
6255.0,132
5663.0,132
3872.0,132
14482.0,131
6825.0,131
13775.0,131
19035.0,131
19333.0,131
13491.0,131
15673.0,131
11964.0,131
17316.0,131
5033.0,131
12067.0,131
7102.0,130
4102.0,130
4084.0,130
8083.0,130
1588.0,130
6426.0,130
18240.0,130
15956.0,130
2639.0,130
12025.0,130
18470.0,130
12469.0,130
17740.0,130
3303.0,130
12424.0,130
21623.0,130
14513.0,130
20106.0,130
22553.0,130
6241.0,130
14303.0,129
14042.0,129
961.0,129
8056.0,129
11792.0,129
10475.0,129
15865.0,129
16150.0,128
16922.0,128
11721.0,128
14618.0,128
1516.0,128
11730.0,128
17053.0,128
11797.0,128
12748.0,128
17347.0,128
17345.0,127
17368.0,127
1612.0,127
15935.0,127
12140.0,127
13731.0,127
3064.0,127
2030.0,127
7739.0,127
3452.0,127
12779.0,127
18614.0,127
11516.0,127
6365.0,127
2333.0,127
19945.0,127
3223.0,127
1238.0,127
17102.0,127
21102.0,127
13490.0,126
14620.0,126
15442.0,126
18072.0,126
5855.0,126
17019.0,126
3825.0,126
12786.0,126
8827.0,126
4556.0,126
2347.0,126
16875.0,126
18915.0,125
22469.0,125
2170.0,125
13803.0,125
5468.0,125
16248.0,125
2052.0,125
7823.0,125
15655.0,125
2830.0,124
7927.0,124
19031.0,124
1748.0,124
15533.0,124
21036.0,124
1532.0,124
25438.0,124
3257.0,124
12993.0,124
19095.0,123
8086.0,123
3841.0,123
14607.0,123
659.0,123
15035.0,123
2726.0,123
21034.0,123
11769.0,123
965.0,123
13030.0,123
7976.0,122
6791.0,122
8326.0,122
6801.0,122
19343.0,122
8501.0,122
16314.0,122
3878.0,122
16641.0,122
18232.0,122
19022.0,122
43935.0,122
13830.0,122
3261.0,121
17349.0,121
22172.0,121
18464.0,121
7850.0,121
17070.0,121
2140.0,121
17018.0,121
12480.0,121
12093.0,121
22824.0,121
20166.0,121
4605.0,121
12956.0,121
17724.0,121
12546.0,120
4930.0,120
12473.0,120
22546.0,120
6420.0,120
719.0,120
13833.0,120
12027.0,120
15475.0,120
26037.0,120
2675.0,120
2559.0,120
3865.0,119
10006.0,119
3602.0,119
14468.0,119
19555.0,119
11977.0,119
17983.0,119
8010.0,119
13456.0,119
2568.0,119
14533.0,119
4841.0,118
17889.0,118
14733.0,118
13166.0,118
20158.0,118
12962.0,118
10502.0,118
1505.0,118
22657.0,117
14612.0,117
5822.0,117
17020.0,117
20751.0,117
17529.0,117
13461.0,117
2066.0,117
5443.0,117
2724.0,117
22060.0,117
15747.0,117
44413.0,117
1370.0,117
10606.0,117
795.0,117
15627.0,117
19041.0,117
21678.0,117
1226.0,117
16743.0,117
10016.0,117
14787.0,116
2892.0,116
15321.0,116
2668.0,116
10983.0,116
19970.0,116
2638.0,116
8722.0,116
15722.0,116
10454.0,115
7764.0,115
13318.0,115
4730.0,115
6478.0,115
6482.0,115
2189.0,115
3254.0,115
1504.0,115
11960.0,115
12521.0,115
17059.0,115
14032.0,115
19076.0,114
11740.0,114
22603.0,114
15026.0,114
13140.0,114
8536.0,114
13825.0,114
2458.0,114
17569.0,114
17554.0,114
7738.0,114
17061.0,113
2351.0,113
12168.0,113
19029.0,113
1463.0,113
8247.0,113
13407.0,113
1540.0,113
6853.0,113
21918.0,113
12833.0,113
14025.0,113
26034.0,113
2825.0,113
3907.0,113
17319.0,113
19611.0,112
8801.0,112
12514.0,112
19930.0,112
3285.0,112
17255.0,112
18507.0,112
18853.0,112
21851.0,112
1569.0,112
3458.0,112
44432.0,112
21561.0,112
18214.0,112
17881.0,112
13029.0,112
1430.0,112
18472.0,111
698.0,111
12578.0,111
20115.0,111
18643.0,111
12543.0,111
15312.0,111
6419.0,111
6471.0,111
6380.0,111
19007.0,111
21057.0,111
8867.0,111
18446.0,111
913.0,111
15618.0,111
1450.0,110
7020.0,110
18705.0,110
6896.0,110
12996.0,110
4049.0,110
727.0,110
14411.0,110
6469.0,110
18011.0,110
8628.0,110
18250.0,110
13365.0,110
2093.0,110
16646.0,110
18833.0,109
18106.0,109
21643.0,109
15427.0,109
15954.0,109
12563.0,109
4462.0,109
15961.0,109
6018.0,109
10974.0,109
17572.0,109
2538.0,109
13812.0,109
16878.0,109
2631.0,109
6515.0,109
901.0,109
10706.0,109
16946.0,109
22835.0,108
10998.0,108
1566.0,108
21668.0,108
10576.0,108
2645.0,108
21531.0,108
1536.0,108
10928.0,108
7857.0,108
4106.0,108
982.0,108
12865.0,108
13438.0,108
16625.0,108
7023.0,108
1057.0,108
6604.0,107
2190.0,107
10032.0,107
18706.0,107
4863.0,107
7716.0,107
8758.0,107
19940.0,107
15325.0,107
1373.0,107
12972.0,107
8020.0,107
12486.0,107
3037.0,107
4861.0,107
12058.0,107
2556.0,107
15358.0,107
7641.0,106
13755.0,106
8230.0,106
1351.0,106
12116.0,106
12136.0,106
21826.0,106
1527.0,106
8515.0,106
623.0,106
4038.0,106
15725.0,106
3276.0,106
15059.0,105
14777.0,105
11940.0,105
1951.0,105
6089.0,105
3824.0,105
18954.0,105
12523.0,105
5152.0,105
16428.0,105
15410.0,105
1340.0,105
7418.0,105
2061.0,105
21562.0,105
18255.0,104
15368.0,104
14170.0,104
8804.0,104
6088.0,104
5452.0,104
18101.0,104
4015.0,104
5251.0,104
3774.0,104
6422.0,104
16503.0,104
12458.0,104
15055.0,104
17004.0,104
12166.0,103
11934.0,103
5151.0,103
6377.0,103
13750.0,103
13733.0,103
8525.0,103
8533.0,103
3870.0,103
14755.0,103
8738.0,103
10963.0,103
4083.0,103
4096.0,103
4039.0,103
1510.0,102
13424.0,102
17038.0,102
25430.0,102
4660.0,102
7420.0,102
12062.0,102
17048.0,102
13403.0,102
14590.0,102
669.0,102
12986.0,102
19529.0,102
1010.0,101
19960.0,101
21651.0,101
2338.0,101
18237.0,101
4061.0,101
11716.0,101
13417.0,101
2738.0,101
10994.0,101
3242.0,101
1518.0,101
3255.0,101
12429.0,101
1376.0,101
22724.0,101
8730.0,101
14467.0,101
6906.0,101
14445.0,101
20117.0,100
3836.0,100
778.0,100
16507.0,100
602.0,100
14739.0,100
11751.0,100
21722.0,100
22727.0,100
13332.0,100
962.0,100
682.0,100
13040.0,100
16403.0,100
17702.0,100
8089.0,100
21871.0,100
13328.0,100
18091.0,100
738.0,99
17307.0,99
18438.0,99
11109.0,99
3885.0,99
2766.0,99
8063.0,99
18651.0,99
13796.0,99
25413.0,99
12087.0,99
11705.0,99
11804.0,99
4076.0,99
12157.0,99
5843.0,99
15554.0,99
13042.0,99
12565.0,99
8343.0,98
15936.0,98
6455.0,98
14616.0,98
16053.0,98
2744.0,98
6073.0,98
15611.0,98
13142.0,98
5153.0,98
3903.0,98
12060.0,97
2050.0,97
12577.0,97
1129.0,97
13068.0,97
6477.0,97
17532.0,97
8869.0,97
21654.0,97
18661.0,97
22125.0,97
21631.0,97
15692.0,97
757.0,97
1930.0,97
13135.0,97
5446.0,96
2379.0,96
20688.0,96
5657.0,96
1843.0,96
1719.0,96
18325.0,96
19066.0,96
12737.0,96
10548.0,96
15363.0,96
21087.0,96
17062.0,96
4970.0,96
4537.0,96
6247.0,96
15615.0,95
18834.0,95
2210.0,95
1568.0,95
8826.0,95
4344.0,95
6282.0,95
12029.0,95
5829.0,95
43968.0,95
13668.0,95
12960.0,95
8750.0,95
802.0,95
13118.0,95
5476.0,95
21738.0,94
6375.0,94
13625.0,94
13838.0,94
14823.0,94
13667.0,94
4037.0,94
13316.0,94
3440.0,94
15715.0,94
4257.0,94
10012.0,94
17772.0,94
15637.0,94
915.0,94
1096.0,94
16051.0,93
16661.0,93
17264.0,93
17555.0,93
6069.0,93
6878.0,93
22611.0,93
14559.0,93
16049.0,93
7068.0,93
12726.0,93
13120.0,93
18249.0,93
5679.0,93
14550.0,93
17562.0,93
22542.0,93
3448.0,93
12837.0,93
15557.0,93
12740.0,93
4742.0,92
11932.0,92
3819.0,92
1036.0,92
12434.0,92
2721.0,92
12723.0,92
12783.0,92
14092.0,92
10986.0,92
15938.0,92
13646.0,92
6783.0,92
6461.0,92
12151.0,92
2343.0,92
13411.0,92
987.0,92
12155.0,92
3446.0,92
17930.0,91
14738.0,91
44504.0,91
6043.0,91
5488.0,91
2576.0,91
11789.0,91
21140.0,91
13132.0,91
17066.0,91
8802.0,91
1521.0,91
4224.0,91
12941.0,91
12450.0,91
3777.0,91
5350.0,91
17302.0,90
2339.0,90
15067.0,90
15687.0,90
21915.0,90
3049.0,90
11237.0,90
1982.0,90
3813.0,90
17853.0,90
6870.0,90
754.0,90
4654.0,89
19075.0,89
12567.0,89
17241.0,89
16678.0,89
15142.0,89
3070.0,89
14706.0,89
18623.0,89
16041.0,89
19520.0,89
3576.0,89
15046.0,88
20645.0,88
14806.0,88
16923.0,88
4938.0,88
13607.0,88
10913.0,88
17339.0,88
603.0,88
1560.0,88
21821.0,88
13167.0,88
705.0,88
3830.0,88
15047.0,88
2804.0,88
4548.0,88
17090.0,88
12134.0,87
15052.0,87
12432.0,87
12072.0,87
4756.0,87
687.0,87
8848.0,87
19474.0,87
26525.0,87
4348.0,87
17929.0,87
11959.0,87
18618.0,87
1266.0,87
4627.0,87
3048.0,87
2745.0,87
15921.0,87
17754.0,87
7933.0,87
12732.0,87
14818.0,87
14622.0,86
10030.0,86
3033.0,86
2831.0,86
1464.0,86
12851.0,86
4947.0,86
12780.0,86
14125.0,86
19946.0,86
16748.0,86
20677.0,86
11786.0,86
13807.0,86
43953.0,85
1460.0,85
2770.0,85
13073.0,85
13808.0,85
1983.0,85
16417.0,85
21201.0,85
13054.0,85
14803.0,85
4769.0,85
11560.0,85
5767.0,85
17519.0,85
16249.0,84
6093.0,84
16023.0,84
17045.0,84
26541.0,84
771.0,84
14098.0,84
15350.0,84
638.0,84
13862.0,84
14865.0,84
5758.0,84
1850.0,84
18032.0,84
8311.0,84
8029.0,84
20674.0,84
2838.0,84
12175.0,84
6280.0,84
4350.0,84
14717.0,83
728.0,83
18031.0,83
7727.0,83
18850.0,83
2835.0,83
11509.0,83
18092.0,83
13748.0,83
11579.0,83
25428.0,83
8554.0,83
13691.0,83
7921.0,83
3904.0,83
10451.0,83
8752.0,82
13477.0,82
19055.0,82
12464.0,82
6763.0,82
8562.0,82
19968.0,82
3839.0,82
17009.0,82
21524.0,82
16877.0,82
703.0,82
5035.0,82
6412.0,82
18069.0,82
19971.0,82
20617.0,82
8560.0,82
8514.0,82
7832.0,82
1262.0,82
2723.0,82
4046.0,82
2670.0,82
21639.0,82
18634.0,81
5674.0,81
17068.0,81
1543.0,81
22712.0,81
4849.0,81
16232.0,81
17073.0,81
2364.0,81
18354.0,81
7980.0,81
16928.0,81
2330.0,81
14489.0,81
2717.0,81
2053.0,81
1583.0,81
17064.0,81
4040.0,81
17953.0,81
5765.0,80
3782.0,80
1431.0,80
1506.0,80
12193.0,80
17026.0,80
3814.0,80
4353.0,80
16341.0,80
16153.0,80
13354.0,80
1985.0,80
8828.0,80
21661.0,80
677.0,80
5048.0,80
2790.0,80
18631.0,80
21863.0,79
12439.0,79
10455.0,79
22923.0,79
13052.0,79
16142.0,79
14546.0,79
13797.0,79
6279.0,79
12548.0,79
3045.0,79
17827.0,79
18519.0,79
2635.0,79
21520.0,78
21756.0,78
7934.0,78
17960.0,78
12822.0,78
3868.0,78
16637.0,78
12411.0,78
15034.0,78
22560.0,78
17084.0,78
2382.0,78
14770.0,78
16920.0,78
14809.0,78
1756.0,78
14837.0,78
17240.0,78
16262.0,78
17752.0,78
12916.0,78
13053.0,77
1940.0,77
4217.0,77
7757.0,77
4743.0,77
18452.0,77
4538.0,77
8065.0,77
2557.0,77
12788.0,77
4282.0,77
17516.0,77
18425.0,77
6751.0,77
6081.0,77
5142.0,77
3057.0,77
13452.0,77
15502.0,77
6524.0,77
6039.0,76
2048.0,76
14204.0,76
10588.0,76
16822.0,76
6417.0,76
16838.0,76
16617.0,76
16655.0,76
18917.0,76
16844.0,76
3874.0,76
12817.0,76
18445.0,76
22851.0,76
765.0,76
22645.0,76
17563.0,76
1908.0,76
20676.0,76
3237.0,75
12084.0,75
13652.0,75
19562.0,75
22435.0,75
14171.0,75
44437.0,75
17099.0,75
12517.0,75
13459.0,75
14033.0,75
15771.0,75
21557.0,75
44403.0,75
17846.0,75
21648.0,75
14435.0,75
2898.0,75
17731.0,75
12154.0,75
17407.0,74
5770.0,74
20763.0,74
13420.0,74
12594.0,74
21776.0,74
21162.0,74
12068.0,74
12406.0,74
44507.0,74
1984.0,74
17065.0,74
1833.0,74
14024.0,74
11954.0,74
10535.0,74
2748.0,74
6498.0,74
11935.0,74
13335.0,74
21794.0,74
2054.0,74
1257.0,73
43947.0,73
4426.0,73
18066.0,73
10596.0,73
19953.0,73
6259.0,73
13026.0,73
19362.0,73
15329.0,73
1523.0,73
8097.0,73
13343.0,73
10506.0,73
1863.0,73
3835.0,73
11232.0,73
13471.0,73
17764.0,73
13734.0,73
16865.0,73
5832.0,73
7750.0,73
13605.0,73
3598.0,72
17034.0,72
12842.0,72
10453.0,72
17043.0,72
16211.0,72
11096.0,72
15563.0,72
16250.0,72
1773.0,72
14472.0,72
6235.0,72
4474.0,72
5763.0,72
11752.0,72
7064.0,72
15920.0,72
8049.0,72
14143.0,72
14101.0,72
2746.0,71
15076.0,71
14062.0,71
12412.0,71
12836.0,71
5032.0,71
16157.0,71
840.0,71
2747.0,71
6403.0,71
7856.0,71
12433.0,71
5647.0,71
19365.0,71
16668.0,71
21782.0,71
4421.0,71
3220.0,71
7027.0,70
43906.0,70
5055.0,70
1107.0,70
2646.0,70
21545.0,70
4917.0,70
8001.0,70
13685.0,70
2660.0,70
19541.0,70
5158.0,70
830.0,70
10527.0,70
8825.0,70
14202.0,70
16374.0,70
8853.0,70
44484.0,70
4259.0,70
12545.0,69
19551.0,69
1770.0,69
7088.0,69
12531.0,69
12185.0,69
15922.0,69
2562.0,69
17237.0,69
15901.0,69
3447.0,69
12934.0,69
22713.0,69
3862.0,69
14036.0,69
14591.0,69
12156.0,69
21791.0,68
3263.0,68
1827.0,68
13302.0,68
12736.0,68
5030.0,68
10973.0,68
18942.0,68
2630.0,68
4021.0,68
4950.0,68
18465.0,68
14801.0,68
17098.0,68
20611.0,68
1270.0,68
20181.0,68
15056.0,68
1338.0,68
18854.0,67
3042.0,67
5155.0,67
12920.0,67
4989.0,67
12992.0,67
21914.0,67
12989.0,67
13746.0,67
15754.0,67
14469.0,67
4785.0,67
8007.0,67
44441.0,67
44442.0,67
6438.0,67
7848.0,67
18830.0,67
12422.0,67
21635.0,67
2641.0,67
19094.0,67
19507.0,66
4563.0,66
20690.0,66
5046.0,66
12117.0,66
6777.0,66
10921.0,66
6607.0,66
2332.0,66
15824.0,66
15661.0,66
15483.0,66
5408.0,66
23356.0,66
12045.0,66
21161.0,66
3229.0,66
18630.0,66
17967.0,66
662.0,66
3745.0,66
16674.0,66
3882.0,66
21634.0,65
617.0,65
14522.0,65
15853.0,65
22901.0,65
5345.0,65
12981.0,65
13338.0,65
7649.0,65
10993.0,65
4270.0,65
18642.0,64
3443.0,64
43912.0,64
14560.0,64
13665.0,64
16222.0,64
16233.0,64
13036.0,64
8518.0,64
5761.0,64
7416.0,64
13082.0,64
10964.0,64
22503.0,64
5354.0,64
6855.0,64
13334.0,64
13801.0,64
6752.0,64
14617.0,63
1860.0,63
15434.0,63
20630.0,63
12494.0,63
4554.0,63
12405.0,63
4558.0,63
8836.0,63
18355.0,63
12453.0,63
5361.0,63
12843.0,63
17974.0,63
13329.0,63
6021.0,63
13624.0,63
7865.0,63
12449.0,62
17758.0,62
19057.0,62
4679.0,62
20779.0,62
21521.0,62
12421.0,62
15721.0,62
2667.0,62
16433.0,62
18056.0,62
2644.0,62
13757.0,62
12046.0,62
20684.0,62
11955.0,62
3036.0,62
12815.0,62
21612.0,62
14735.0,62
1072.0,62
16350.0,62
15420.0,62
911.0,61
4086.0,61
4032.0,61
21645.0,61
5859.0,61
22738.0,61
13348.0,61
10034.0,61
2191.0,61
8061.0,61
8092.0,61
5454.0,61
2743.0,61
13145.0,61
21837.0,61
15670.0,61
12529.0,61
12207.0,61
1534.0,61
22610.0,61
6058.0,61
12980.0,61
18343.0,61
13634.0,61
14757.0,60
15327.0,60
2359.0,60
17565.0,60
13325.0,60
15412.0,60
22737.0,60
13428.0,60
3279.0,60
6031.0,60
6231.0,60
5262.0,60
12501.0,60
18321.0,60
14030.0,60
13795.0,60
5846.0,60
13495.0,60
13493.0,60
18641.0,60
21737.0,60
5459.0,60
5065.0,60
6248.0,59
3855.0,59
17364.0,59
8023.0,59
7732.0,59
15731.0,59
5051.0,59
19453.0,59
26059.0,59
12768.0,59
11931.0,59
14065.0,59
3811.0,59
1741.0,59
15444.0,59
7878.0,59
19102.0,59
15756.0,59
5654.0,58
20620.0,58
2120.0,58
13787.0,58
4625.0,58
12733.0,58
4543.0,58
15924.0,58
15545.0,58
5075.0,58
11941.0,58
12522.0,58
6612.0,58
12041.0,58
16657.0,58
3860.0,58
14081.0,58
14471.0,58
22656.0,58
3464.0,58
15027.0,58
13656.0,58
5458.0,58
16424.0,58
6519.0,57
14105.0,57
22942.0,57
7838.0,57
13337.0,57
14880.0,57
11719.0,57
1535.0,57
3304.0,57
15054.0,57
5056.0,57
3251.0,57
4429.0,57
13739.0,57
17776.0,57
10001.0,57
15429.0,57
714.0,57
14824.0,57
12750.0,57
8102.0,56
21671.0,56
13842.0,56
15868.0,56
4572.0,56
624.0,56
17876.0,56
26035.0,56
18434.0,56
7720.0,56
4428.0,56
7758.0,56
1469.0,56
627.0,56
4958.0,56
26301.0,56
15742.0,56
5450.0,56
8510.0,56
12435.0,56
12751.0,56
19021.0,56
14807.0,56
12436.0,56
5053.0,56
5655.0,56
5038.0,55
16925.0,55
13843.0,55
15679.0,55
12454.0,55
3581.0,55
3851.0,55
21758.0,55
12747.0,55
13776.0,55
21869.0,55
12190.0,55
5839.0,55
918.0,55
3269.0,55
10962.0,55
1611.0,55
21536.0,55
7704.0,55
15331.0,55
17951.0,55
8327.0,55
18932.0,55
4461.0,55
917.0,55
909.0,55
17535.0,55
15348.0,55
7439.0,55
5081.0,55
13157.0,55
8078.0,55
12023.0,55
14812.0,54
4786.0,54
3873.0,54
14722.0,54
12766.0,54
2322.0,54
25422.0,54
6608.0,54
11939.0,54
15757.0,54
18822.0,54
4496.0,54
15064.0,54
15447.0,54
22488.0,54
5445.0,54
16116.0,54
723.0,54
21912.0,54
3281.0,54
12427.0,54
16412.0,54
4843.0,54
11715.0,54
11724.0,54
14485.0,54
4765.0,54
13080.0,54
3465.0,54
10029.0,53
17087.0,53
12958.0,53
6755.0,53
14511.0,53
13164.0,53
4860.0,53
14034.0,53
16401.0,53
16239.0,53
16022.0,53
8734.0,53
17244.0,53
20609.0,53
7718.0,53
15530.0,52
1255.0,52
12985.0,52
19056.0,52
769.0,52
653.0,52
17040.0,52
4473.0,52
5037.0,52
5068.0,52
4438.0,52
14433.0,52
5681.0,52
3864.0,52
7460.0,52
12452.0,52
7711.0,52
660.0,52
4043.0,52
22728.0,52
15937.0,52
7737.0,52
43938.0,52
21710.0,52
4856.0,52
17052.0,52
5747.0,52
18417.0,52
14139.0,51
2762.0,51
20778.0,51
3812.0,51
4631.0,51
3580.0,51
13303.0,51
15547.0,51
11749.0,51
11709.0,51
13320.0,51
14506.0,51
6068.0,51
20662.0,51
3287.0,51
6472.0,51
15647.0,51
16145.0,51
4222.0,51
18371.0,51
13110.0,51
16130.0,51
13486.0,51
2881.0,51
16038.0,51
17747.0,51
5660.0,51
4619.0,50
12838.0,50
5254.0,50
4579.0,50
4001.0,50
12743.0,50
15688.0,50
5656.0,50
22567.0,50
15476.0,50
6242.0,50
26330.0,50
8243.0,50
16839.0,50
782.0,50
17856.0,50
2464.0,50
4920.0,50
15049.0,50
4652.0,50
17353.0,50
1747.0,49
16851.0,49
15344.0,49
3584.0,49
5874.0,49
14894.0,49
12929.0,49
13433.0,49
14710.0,49
18977.0,49
14750.0,49
2779.0,49
15612.0,49
7606.0,49
12169.0,49
13364.0,49
13485.0,49
4971.0,49
1081.0,49
13402.0,49
14470.0,49
11947.0,49
14772.0,49
18708.0,49
7077.0,48
15349.0,48
20005.0,48
16156.0,48
3823.0,48
18629.0,48
13476.0,48
15634.0,48
17855.0,48
8403.0,48
17074.0,48
13408.0,48
12192.0,48
19107.0,48
16258.0,48
18053.0,48
1541.0,48
14813.0,48
17086.0,48
12418.0,48
8823.0,48
15360.0,48
4967.0,48
23336.0,48
13304.0,48
4463.0,48
13363.0,48
15849.0,47
15472.0,47
4092.0,47
22734.0,47
794.0,47
16373.0,47
15464.0,47
772.0,47
15424.0,47
5730.0,47
19979.0,47
4443.0,47
5841.0,47
4107.0,47
16134.0,47
7756.0,47
14067.0,47
17824.0,47
2659.0,47
20608.0,47
3230.0,47
18628.0,47
14744.0,47
14174.0,47
5346.0,47
19503.0,47
5088.0,47
1254.0,47
13074.0,47
17582.0,47
1542.0,47
12172.0,47
10914.0,47
12457.0,47
6232.0,47
20842.0,47
4105.0,46
13839.0,46
15845.0,46
19964.0,46
10039.0,46
16834.0,46
3908.0,46
18655.0,46
12147.0,46
1026.0,46
22427.0,46
1503.0,46
4576.0,46
5830.0,46
3902.0,46
6890.0,46
13321.0,46
7021.0,46
12921.0,46
16342.0,46
3561.0,46
16052.0,46
14836.0,46
8091.0,46
7721.0,46
5161.0,46
1105.0,46
3290.0,46
15663.0,45
16932.0,45
5906.0,45
17721.0,45
4351.0,45
20776.0,45
15015.0,45
2650.0,45
4253.0,45
14741.0,45
4568.0,45
6782.0,45
14512.0,45
19492.0,45
10501.0,45
17243.0,45
8535.0,45
1519.0,45
17841.0,45
17047.0,45
13112.0,45
13780.0,45
18461.0,45
16854.0,45
18837.0,45
12846.0,45
18929.0,45
20618.0,45
11514.0,44
15051.0,44
1050.0,44
2837.0,44
15088.0,44
718.0,44
4250.0,44
7435.0,44
18824.0,44
18037.0,44
4472.0,44
15411.0,44
17017.0,44
4071.0,44
716.0,44
1068.0,44
2822.0,44
2539.0,44
2575.0,44
13327.0,44
4562.0,44
5471.0,44
20621.0,44
44452.0,44
13658.0,44
5404.0,44
5465.0,44
14068.0,44
5677.0,44
3307.0,44
14826.0,43
6702.0,43
21053.0,43
4095.0,43
2558.0,43
14814.0,43
12059.0,43
6794.0,43
21132.0,43
21838.0,43
17037.0,43
14842.0,43
14172.0,43
5257.0,43
4664.0,43
14781.0,43
14821.0,43
15456.0,43
13740.0,43
15053.0,43
16874.0,43
16347.0,43
15376.0,43
13694.0,43
17213.0,43
13315.0,43
16030.0,43
5148.0,43
676.0,43
21727.0,43
17238.0,43
5820.0,43
5682.0,43
21777.0,42
14740.0,42
17502.0,42
17518.0,42
13608.0,42
21071.0,42
19490.0,42
14066.0,42
11732.0,42
22511.0,42
5773.0,42
14541.0,42
4981.0,42
13116.0,42
2827.0,42
12174.0,42
16345.0,42
16028.0,42
6793.0,42
44410.0,42
10474.0,42
16936.0,42
22742.0,42
10026.0,42
4260.0,42
16937.0,42
16427.0,42
15623.0,42
15050.0,42
1008.0,42
17938.0,41
8809.0,41
20037.0,41
18832.0,41
17845.0,41
11957.0,41
15765.0,41
4969.0,41
3449.0,41
13084.0,41
4342.0,41
5871.0,41
4274.0,41
21622.0,41
17859.0,41
13092.0,41
3586.0,41
5341.0,41
5351.0,41
3886.0,41
16929.0,41
4614.0,41
1537.0,41
13060.0,41
18616.0,41
4539.0,41
8732.0,41
4434.0,41
13835.0,41
3574.0,41
14709.0,40
3858.0,40
4357.0,40
18625.0,40
15927.0,40
12410.0,40
1011.0,40
14428.0,40
10917.0,40
13673.0,40
13697.0,40
26582.0,40
17888.0,40
16845.0,40
11548.0,40
4236.0,40
21798.0,40
26032.0,40
15078.0,40
2032.0,40
3282.0,40
12138.0,40
17329.0,40
5857.0,40
4974.0,40
4924.0,40
25442.0,40
4079.0,39
4441.0,39
958.0,39
15739.0,39
25434.0,39
3052.0,39
16442.0,39
15860.0,39
20197.0,39
14711.0,39
16853.0,39
14517.0,39
14551.0,39
15929.0,39
12052.0,39
12017.0,39
3827.0,39
17934.0,39
19054.0,39
678.0,39
16921.0,39
4555.0,39
667.0,39
18617.0,39
21767.0,39
12873.0,39
14817.0,39
17344.0,39
3609.0,39
12935.0,39
16370.0,39
21917.0,39
4858.0,38
13788.0,38
16160.0,38
21719.0,38
13756.0,38
15336.0,38
5039.0,38
21840.0,38
18241.0,38
3266.0,38
12942.0,38
5653.0,38
21655.0,38
3284.0,38
3216.0,38
5440.0,38
10452.0,38
4939.0,38
18826.0,38
1034.0,38
16061.0,38
4460.0,38
3869.0,38
4676.0,38
16351.0,38
15732.0,38
720.0,38
17832.0,38
4750.0,38
2725.0,38
13114.0,38
18076.0,38
18972.0,38
15437.0,38
2188.0,38
6757.0,38
1128.0,38
22572.0,38
1344.0,38
16740.0,38
12792.0,38
15633.0,38
4047.0,37
26031.0,37
17508.0,37
15559.0,37
8319.0,37
12515.0,37
5824.0,37
14519.0,37
1834.0,37
44473.0,37
16045.0,37
14784.0,37
12066.0,37
3240.0,37
12979.0,37
13312.0,37
1337.0,37
4965.0,37
606.0,37
4066.0,37
5769.0,37
14167.0,37
5872.0,37
18644.0,37
14420.0,37
12819.0,37
4685.0,36
13864.0,36
26038.0,36
12502.0,36
3456.0,36
13626.0,36
14867.0,36
13620.0,36
12850.0,36
3258.0,36
13488.0,36
14416.0,36
1341.0,36
14743.0,36
13736.0,36
8026.0,36
14037.0,36
3906.0,36
8340.0,36
18656.0,36
7074.0,36
22639.0,36
1922.0,36
1354.0,36
1944.0,36
12861.0,36
14108.0,35
1088.0,35
21650.0,35
7717.0,35
4739.0,35
16423.0,35
6264.0,35
16140.0,35
11975.0,35
11962.0,35
13156.0,35
5676.0,35
11930.0,35
16037.0,35
2718.0,35
18323.0,35
8084.0,35
19043.0,35
4418.0,35
44047.0,35
15958.0,35
10036.0,35
44440.0,35
16115.0,35
21625.0,35
10976.0,35
15736.0,35
19534.0,35
12967.0,35
15870.0,35
15940.0,35
13786.0,35
12032.0,35
19939.0,35
5760.0,34
16141.0,34
17886.0,34
18632.0,34
13832.0,34
12910.0,34
14502.0,34
13072.0,34
44443.0,34
22432.0,34
15955.0,34
3597.0,34
17935.0,34
18930.0,34
16256.0,34
15949.0,34
13044.0,34
1012.0,34
12074.0,34
15081.0,34
5732.0,34
12581.0,34
16692.0,34
5085.0,34
22482.0,34
14012.0,34
10958.0,34
11239.0,34
17097.0,33
21082.0,33
16820.0,33
21822.0,33
17007.0,33
21723.0,33
601.0,33
3218.0,33
5774.0,33
18439.0,33
12824.0,33
12785.0,33
1339.0,33
8741.0,33
8241.0,33
15923.0,33
13416.0,33
5483.0,33
5457.0,33
610.0,33
5444.0,33
14861.0,33
5360.0,33
4643.0,33
16685.0,33
15840.0,33
14138.0,33
4694.0,33
4088.0,33
16926.0,33
751.0,33
12022.0,32
20689.0,32
12777.0,32
21647.0,32
14504.0,32
16917.0,32
12997.0,32
17372.0,32
44445.0,32
13101.0,32
1245.0,32
13681.0,32
13162.0,32
13744.0,32
43913.0,32
14507.0,32
6256.0,32
13368.0,32
12130.0,32
16689.0,32
20624.0,32
3779.0,32
4941.0,32
4684.0,32
20868.0,32
4607.0,32
4674.0,32
4220.0,32
21528.0,32
4087.0,32
670.0,32
6442.0,32
8832.0,32
10969.0,32
15624.0,32
8310.0,32
8350.0,32
12575.0,32
23093.0,32
12482.0,32
15620.0,32
26764.0,32
17049.0,32
737.0,31
17024.0,31
15951.0,31
15550.0,31
1054.0,31
16738.0,31
19501.0,31
15552.0,31
13083.0,31
1378.0,31
22716.0,31
4673.0,31
4268.0,31
12746.0,31
12719.0,31
8887.0,31
3262.0,31
20658.0,31
11718.0,31
13846.0,31
3032.0,31
14505.0,31
12878.0,31
2807.0,31
12987.0,31
13158.0,31
14555.0,31
13322.0,31
14859.0,31
18829.0,31
14005.0,31
12912.0,31
4424.0,31
15753.0,31
16244.0,31
16362.0,31
16329.0,31
2370.0,30
21649.0,30
16695.0,30
12150.0,30
12926.0,30
16639.0,30
14815.0,30
5042.0,30
4758.0,30
2715.0,30
14873.0,30
3810.0,30
11205.0,30
18660.0,30
8542.0,30
12456.0,30
5678.0,30
15490.0,30
14544.0,30
20606.0,30
1053.0,30
5667.0,30
16240.0,30
12835.0,30
15347.0,30
4640.0,30
19954.0,30
4448.0,30
13679.0,30
13324.0,30
1375.0,30
5083.0,30
2858.0,30
3592.0,30
26757.0,30
22460.0,30
15827.0,30
4921.0,30
21160.0,30
16863.0,30
10069.0,30
16672.0,30
13076.0,30
2215.0,30
12094.0,30
5867.0,29
3221.0,29
2808.0,29
14715.0,29
12448.0,29
5862.0,29
16405.0,29
683.0,29
3837.0,29
21913.0,29
16627.0,29
15677.0,29
16344.0,29
5649.0,29
13469.0,29
4481.0,29
13622.0,29
16671.0,29
17860.0,29
4649.0,29
2199.0,29
16673.0,29
16662.0,29
12057.0,29
18844.0,29
850.0,29
26588.0,29
18248.0,29
18218.0,29
14422.0,29
10546.0,29
3883.0,28
8345.0,28
717.0,28
3740.0,28
7723.0,28
16613.0,28
18460.0,28
11980.0,28
12927.0,28
6785.0,28
22625.0,28
15821.0,28
14521.0,28
21824.0,28
6754.0,28
13813.0,28
1966.0,28
12918.0,28
12852.0,28
12419.0,28
22652.0,28
18469.0,28
2671.0,28
14102.0,28
12495.0,28
1522.0,28
14716.0,28
16230.0,28
14589.0,28
16132.0,28
20765.0,28
44431.0,28
26719.0,28
16112.0,28
12919.0,28
18936.0,28
12998.0,28
21814.0,28
5463.0,28
5071.0,28
4622.0,28
10005.0,28
17228.0,28
6254.0,28
18846.0,28
4422.0,28
16683.0,27
16720.0,27
4757.0,27
15686.0,27
17221.0,27
19941.0,27
16620.0,27
11569.0,27
8740.0,27
5821.0,27
22627.0,27
12959.0,27
17964.0,27
17214.0,27
2666.0,27
5738.0,27
15469.0,27
16656.0,27
12459.0,27
12903.0,27
21628.0,27
14481.0,27
5464.0,27
12975.0,27
12574.0,27
971.0,27
17536.0,27
3046.0,27
21780.0,27
4953.0,27
4681.0,27
16238.0,27
17094.0,27
4430.0,27
16872.0,27
7822.0,27
12729.0,27
16882.0,27
5054.0,27
4780.0,27
3845.0,27
1529.0,27
13033.0,27
6750.0,27
10953.0,27
19730.0,27
14816.0,27
17765.0,27
16236.0,27
14058.0,26
5358.0,26
4952.0,26
5664.0,26
13606.0,26
16224.0,26
2462.0,26
18636.0,26
4030.0,26
15952.0,26
4854.0,26
4346.0,26
13650.0,26
16111.0,26
4359.0,26
22480.0,26
13690.0,26
639.0,26
4411.0,26
4002.0,26
16825.0,26
44483.0,26
1222.0,26
19967.0,26
14753.0,26
8324.0,26
16677.0,26
3817.0,26
3780.0,26
8242.0,26
12042.0,26
3582.0,26
16821.0,26
16143.0,26
21850.0,26
16326.0,26
10926.0,26
12471.0,26
14625.0,26
18709.0,26
20198.0,26
3588.0,25
3245.0,25
43971.0,25
6334.0,25
12592.0,25
16317.0,25
13081.0,25
5150.0,25
8045.0,25
5154.0,25
26763.0,25
19437.0,25
773.0,25
20880.0,25
5342.0,25
26040.0,25
22650.0,25
3852.0,25
16334.0,25
5047.0,25
1355.0,25
18231.0,25
12160.0,25
5031.0,25
12092.0,25
5036.0,25
22663.0,25
17944.0,25
5077.0,25
16849.0,25
4979.0,25
4093.0,25
16836.0,25
15930.0,25
5680.0,25
17778.0,25
1092.0,25
17885.0,25
15646.0,25
14475.0,25
16861.0,25
17262.0,25
21652.0,24
3278.0,24
12913.0,24
21677.0,24
5650.0,24
22620.0,24
12847.0,24
19944.0,24
656.0,24
21734.0,24
12749.0,24
16840.0,24
16879.0,24
3466.0,24
22972.0,24
8511.0,24
12121.0,24
3224.0,24
4630.0,24
1840.0,24
20693.0,24
22842.0,24
5828.0,24
10517.0,24
21530.0,24
1592.0,24
16935.0,24
13664.0,24
1071.0,24
15019.0,24
21856.0,24
14561.0,24
767.0,24
1080.0,24
6796.0,24
21153.0,24
6778.0,23
16434.0,23
17812.0,23
14132.0,23
4693.0,23
16443.0,23
13063.0,23
18077.0,23
13143.0,23
3771.0,23
15535.0,23
3217.0,23
13144.0,23
11770.0,23
5734.0,23
21861.0,23
20628.0,23
22514.0,23
21659.0,23
4746.0,23
21657.0,23
17985.0,23
17219.0,23
12853.0,23
4231.0,23
20144.0,23
6353.0,23
5658.0,23
3750.0,23
20137.0,23
12063.0,23
22437.0,23
1093.0,23
4488.0,23
6024.0,23
18451.0,23
4847.0,23
1350.0,23
12064.0,22
16054.0,22
16843.0,22
13810.0,22
15534.0,22
16218.0,22
44455.0,22
13468.0,22
44082.0,22
21733.0,22
22849.0,22
2367.0,22
3268.0,22
2764.0,22
8553.0,22
12917.0,22
622.0,22
5359.0,22
12734.0,22
14083.0,22
14427.0,22
5759.0,22
5762.0,22
16829.0,22
5344.0,22
14028.0,22
1531.0,22
18333.0,22
4668.0,22
16120.0,22
4261.0,22
4352.0,22
17365.0,22
20680.0,22
4848.0,22
10982.0,22
10540.0,22
17728.0,22
18970.0,22
8323.0,22
3901.0,22
19017.0,22
1452.0,22
17505.0,22
14736.0,22
1367.0,21
5842.0,21
16948.0,21
18327.0,21
14131.0,21
5159.0,21
16040.0,21
26570.0,21
7977.0,21
22720.0,21
12585.0,21
3601.0,21
16859.0,21
5873.0,21
13454.0,21
923.0,21
1368.0,21
17028.0,21
968.0,21
14478.0,21
14858.0,21
10526.0,21
16440.0,21
5847.0,21
8353.0,21
3768.0,21
15004.0,21
5778.0,21
12187.0,21
12774.0,21
14536.0,21
13319.0,21
3063.0,21
16667.0,21
13809.0,21
12976.0,21
14860.0,21
3442.0,21
20135.0,21
15846.0,21
44003.0,21
13131.0,21
6481.0,21
951.0,21
13687.0,21
13473.0,21
17771.0,21
4435.0,21
13661.0,21
23117.0,20
13410.0,20
4027.0,20
12936.0,20
44068.0,20
20184.0,20
17978.0,20
12131.0,20
14804.0,20
22623.0,20
12137.0,20
12541.0,20
12844.0,20
21841.0,20
14847.0,20
16319.0,20
1031.0,20
17005.0,20
7310.0,20
16914.0,20
3607.0,20
13061.0,20
6090.0,20
13464.0,20
26354.0,20
16371.0,20
16220.0,20
3585.0,20
10578.0,20
17823.0,20
13450.0,20
14767.0,20
44506.0,20
972.0,20
17035.0,20
4487.0,20
2836.0,20
18621.0,20
14822.0,20
12955.0,20
17957.0,20
12742.0,20
1083.0,20
14568.0,20
4048.0,20
4564.0,19
8528.0,19
10519.0,19
6409.0,19
11547.0,19
17737.0,19
16260.0,19
2873.0,19
18913.0,19
16611.0,19
13489.0,19
954.0,19
22844.0,19
1558.0,19
21529.0,19
18443.0,19
1256.0,19
12741.0,19
18370.0,19
15848.0,19
4928.0,19
8555.0,19
21662.0,19
14846.0,19
2534.0,19
21757.0,19
2802.0,19
3605.0,19
26537.0,19
13160.0,19
4747.0,19
12759.0,19
17021.0,19
18955.0,19
11948.0,19
17267.0,19
12966.0,19
12952.0,19
22576.0,19
14464.0,19
12120.0,19
14897.0,19
13613.0,19
5768.0,19
22731.0,19
19564.0,19
16871.0,19
13640.0,19
4987.0,19
5744.0,19
14040.0,19
44093.0,19
4648.0,19
5146.0,19
929.0,18
4280.0,18
13768.0,18
14839.0,18
19319.0,18
18812.0,18
17210.0,18
12760.0,18
19372.0,18
22476.0,18
12139.0,18
5486.0,18
12765.0,18
12745.0,18
1098.0,18
10919.0,18
14026.0,18
18453.0,18
15856.0,18
694.0,18
796.0,18
13155.0,18
13675.0,18
946.0,18
15828.0,18
15864.0,18
13648.0,18
8321.0,18
13618.0,18
17088.0,18
1474.0,18
664.0,18
13313.0,18
5355.0,18
16750.0,18
910.0,18
4634.0,18
16421.0,18
10590.0,18
4256.0,18
4493.0,17
766.0,17
5353.0,17
16422.0,17
22747.0,17
26851.0,17
4936.0,17
22733.0,17
995.0,17
4008.0,17
4943.0,17
707.0,17
4108.0,17
95652.0,17
4221.0,17
4284.0,17
4662.0,17
16151.0,17
4285.0,17
4955.0,17
4363.0,17
4354.0,17
5849.0,17
21664.0,17
3457.0,17
8608.0,17
17568.0,17
14838.0,17
13752.0,17
14885.0,17
18650.0,17
8072.0,17
13138.0,17
6266.0,17
14855.0,17
13777.0,17
8212.0,17
21155.0,17
13034.0,17
1901.0,17
14718.0,17
5352.0,17
13122.0,17
14173.0,17
14708.0,17
13437.0,17
14728.0,17
3856.0,17
6262.0,17
12153.0,17
12082.0,17
12132.0,16
13117.0,16
4956.0,16
5482.0,16
14893.0,16
12849.0,16
13693.0,16
14479.0,16
5343.0,16
17581.0,16
4612.0,16
5775.0,16
5469.0,16
26574.0,16
12884.0,16
5737.0,16
17058.0,16
4290.0,16
16343.0,16
17271.0,16
3084.0,16
43943.0,16
16035.0,16
4781.0,16
22535.0,16
4041.0,16
4864.0,16
14889.0,16
14069.0,16
17304.0,16
17309.0,16
14864.0,16
8346.0,16
12945.0,16
4766.0,16
2647.0,16
12767.0,16
3444.0,16
8329.0,16
8317.0,16
8720.0,16
22644.0,16
17266.0,16
18818.0,16
1515.0,16
23415.0,16
12821.0,15
13020.0,15
4069.0,15
4238.0,15
4265.0,15
20626.0,15
18851.0,15
15540.0,15
5776.0,15
18462.0,15
12811.0,15
14723.0,15
14557.0,15
21607.0,15
20656.0,15
14432.0,15
3243.0,15
12089.0,15
17324.0,15
18956.0,15
22735.0,15
8342.0,15
19481.0,15
4951.0,15
13863.0,15
21555.0,15
8042.0,15
10035.0,15
4942.0,15
16435.0,15
16826.0,15
12520.0,15
11739.0,15
4675.0,15
4691.0,15
18471.0,15
16942.0,15
16133.0,15
8733.0,15
5472.0,15
5456.0,15
4029.0,15
925.0,15
21028.0,15
11956.0,15
11958.0,15
13861.0,15
25420.0,14
4427.0,14
21626.0,14
17023.0,14
13633.0,14
22580.0,14
14841.0,14
17235.0,14
17968.0,14
13844.0,14
4949.0,14
4258.0,14
44404.0,14
4349.0,14
4623.0,14
18813.0,14
4085.0,14
12862.0,14
13331.0,14
1436.0,14
5442.0,14
741.0,14
5441.0,14
16927.0,14
14754.0,14
3884.0,14
5748.0,14
14724.0,14
11796.0,14
3259.0,14
18331.0,14
5825.0,14
23395.0,14
18920.0,14
18211.0,14
637.0,14
8341.0,14
17774.0,14
17101.0,14
16123.0,14
8328.0,14
3846.0,14
22524.0,14
15558.0,14
8041.0,14
21849.0,13
8348.0,13
6389.0,13
8248.0,13
2829.0,13
3850.0,13
1244.0,13
17768.0,13
3838.0,13
17261.0,13
21610.0,13
4642.0,13
3082.0,13
4449.0,13
4476.0,13
14898.0,13
4677.0,13
17864.0,13
13804.0,13
4912.0,13
2839.0,13
5837.0,13
16669.0,13
13802.0,13
12036.0,13
12937.0,13
4252.0,13
4022.0,13
12969.0,13
15542.0,13
22454.0,13
13774.0,13
16327.0,13
12070.0,13
5868.0,13
12841.0,13
16217.0,13
18059.0,13
4635.0,13
4355.0,13
4911.0,13
13141.0,13
13146.0,13
16404.0,13
22726.0,12
21813.0,12
20130.0,12
22578.0,12
3844.0,12
726.0,12
715.0,12
3854.0,12
20119.0,12
2652.0,12
26710.0,12
20692.0,12
3241.0,12
22715.0,12
1264.0,12
16113.0,12
8821.0,12
13071.0,12
13643.0,12
19374.0,12
4611.0,12
18427.0,12
17231.0,12
26542.0,12
13636.0,12
14571.0,12
4760.0,12
13859.0,12
14532.0,12
16411.0,12
15043.0,12
13814.0,12
5447.0,12
44428.0,12
12164.0,12
4740.0,12
13028.0,12
13654.0,12
44510.0,12
14008.0,12
8014.0,12
14748.0,11
5853.0,11
19936.0,11
16943.0,11
12855.0,11
14879.0,11
5481.0,11
5252.0,11
21051.0,11
735.0,11
14769.0,11
4413.0,11
5903.0,11
13102.0,11
2702.0,11
12930.0,11
20667.0,11
2812.0,11
2872.0,11
12863.0,11
13841.0,11
3256.0,11
1259.0,11
3853.0,11
3887.0,11
13615.0,11
974.0,11
13660.0,11
18701.0,11
1258.0,11
21865.0,11
5907.0,11
4658.0,11
17779.0,11
22810.0,11
4776.0,11
15459.0,11
22722.0,11
4671.0,11
17082.0,11
4475.0,11
4455.0,11
8561.0,10
8039.0,10
22709.0,10
8006.0,10
21866.0,10
21835.0,10
7935.0,10
16930.0,10
4628.0,10
18463.0,10
17729.0,10
22624.0,10
13415.0,10
4459.0,10
13670.0,10
13684.0,10
13147.0,10
22947.0,10
2833.0,10
2875.0,10
4464.0,10
22637.0,10
12069.0,10
22577.0,10
13494.0,10
11765.0,10
16410.0,10
10038.0,10
4292.0,10
15352.0,10
12028.0,10
4289.0,10
26431.0,10
4772.0,10
26074.0,10
3905.0,10
20129.0,10
4732.0,10
22736.0,10
2553.0,10
4051.0,9
13301.0,9
1929.0,9
43917.0,9
18821.0,9
26416.0,9
13457.0,9
18087.0,9
1236.0,9
650.0,9
21874.0,9
4777.0,9
16110.0,9
43963.0,9
43945.0,9
4985.0,9
4853.0,9
14516.0,9
4645.0,9
21864.0,9
13639.0,9
12977.0,9
12770.0,9
16938.0,9
12820.0,9
19030.0,9
17343.0,9
12860.0,9
21766.0,9
26575.0,9
2535.0,9
19559.0,9
12970.0,9
8218.0,9
4783.0,9
4982.0,9
44438.0,8
13647.0,8
16406.0,8
13672.0,8
26201.0,8
10000.0,8
26739.0,8
44417.0,8
17769.0,8
13826.0,8
14825.0,8
13621.0,8
23009.0,8
25431.0,8
22534.0,8
13623.0,8
16746.0,8
17760.0,8
13847.0,8
44490.0,8
13376.0,8
26711.0,8
13630.0,8
23175.0,8
43926.0,8
26033.0,8
17333.0,8
17306.0,8
17342.0,8
20615.0,8
7875.0,8
18039.0,8
8316.0,8
21636.0,8
18357.0,8
8019.0,8
3579.0,8
4859.0,8
13406.0,8
4606.0,8
19731.0,8
12924.0,8
12932.0,8
4734.0,8
4762.0,8
18038.0,8
2543.0,8
13360.0,8
16352.0,7
13611.0,7
12864.0,7
13472.0,7
16426.0,7
4768.0,7
17263.0,7
14714.0,7
22714.0,7
613.0,7
12950.0,7
26050.0,7
13680.0,7
19955.0,7
12923.0,7
26704.0,7
95000.0,7
14126.0,7
16313.0,7
13333.0,7
26039.0,7
4774.0,7
2824.0,7
13470.0,7
22436.0,7
6390.0,7
12086.0,7
18081.0,7
3583.0,7
26559.0,7
13064.0,7
4414.0,7
12957.0,6
21106.0,6
22749.0,6
4626.0,6
12965.0,6
4655.0,6
2634.0,6
21538.0,6
26547.0,6
26030.0,6
26520.0,6
21872.0,6
22936.0,6
26408.0,6
4787.0,6
26386.0,6
4667.0,6
2651.0,6
4497.0,6
8858.0,6
44032.0,6
22660.0,6
4490.0,6
11359.0,6
8245.0,6
13651.0,6
12939.0,6
14881.0,6
4925.0,6
11972.0,6
11970.0,6
7702.0,6
13353.0,6
12859.0,6
10009.0,6
13635.0,6
26250.0,5
26075.0,5
23442.0,5
44460.0,5
44048.0,5
21778.0,5
26714.0,5
605.0,5
20160.0,5
26865.0,5
26444.0,5
4657.0,5
12165.0,5
3593.0,5
24898.0,5
14013.0,5
7847.0,5
8217.0,5
4442.0,5
6510.0,5
8320.0,5
22740.0,5
25402.0,5
26812.0,5
4239.0,5
792.0,4
4478.0,4
26419.0,4
21779.0,4
4945.0,4
23126.0,4
23337.0,4
4666.0,4
4927.0,4
26519.0,4
26563.0,4
23181.0,4
26801.0,4
26055.0,4
26155.0,4
6829.0,4
775.0,4
6901.0,4
10988.0,4
8239.0,4
26808.0,4
2823.0,4
20143.0,4
2791.0,4
80122.0,4
25446.0,3
21711.0,3
43944.0,3
4745.0,3
21862.0,3
43939.0,3
43916.0,3
11249.0,3
26347.0,3
721.0,3
21829.0,3
26571.0,3
82414.0,3
20612.0,3
4410.0,3
13649.0,3
23148.0,3
23086.0,2
23177.0,2
8557.0,2
22504.0,2
4495.0,2
26755.0,2
8246.0,2
15616.0,2
8739.0,2
4042.0,2
26810.0,2
4271.0,2
20629.0,2
12973.0,2
22827.0,2
22974.0,2
14477.0,2
4097.0,2
22935.0,2
688.0,2
23427.0,2
23303.0,2
26576.0,2
25444.0,2
26385.0,2
43948.0,2
43910.0,2
4966.0,2
4020.0,2
4961.0,2
15684.0,2
10518.0,1
22853.0,1
4922.0,1
22847.0,1
26238.0,1
10004.0,1
4932.0,1
10044.0,1
15077.0,1
4929.0,1
960.0,1
912.0,1
26852.0,1
12475.0,1
906.0,1
4450.0,1
4406.0,1
4910.0,1
23426.0,1
4779.0,1
12489.0,1
16161.0,1
12465.0,1
4417.0,1
44481.0,1
4017.0,1
22940.0,1
4986.0,1
15729.0,1
4978.0,1
23085.0,1
4216.0,1
15421.0,1
23149.0,1
4957.0,1
4637.0,1
4063.0,1
23079.0,1
20139.0,1
14729.0,1
17010.0,1
26425.0,1
26440.0,1
4988.0,1
15353.0,1
23110.0,1
15678.0,1
26302.0,1
15446.0,1
13431.0,1
21852.0,1
18437.0,1
4964.0,1
16847.0,1
26452.0,1
23032.0,1
26568.0,1
6065.0,1
14418.0,1
14463.0,1
23091.0,1
23180.0,1
15628.0,1
